Type,Age,Gender,MaturitySize,FurLength,Vaccinated,Dewormed,Sterilized,Health,Quantity,Fee,State,VideoAmt,PhotoAmt,AdoptionSpeed,ColorName_x,ColorName_y,ColorName,BreedName_x,BreedName_y,StateName_x
1,36,1.0,0.0,3,1,1,1,1,1,0,41326,0,2,3,6,1,2,68,72,0
2,3,2.0,2.0,2,2,1,2,1,1,50,41326,0,4,3,6,8,3,74,9,0
2,2,3.0,1.0,1,2,2,2,1,2,0,41326,4,5,2,6,5,4,93,110,0
2,2,1.0,1.0,2,2,1,2,1,1,50,41326,0,5,1,6,7,3,62,74,0
2,4,2.0,2.0,2,2,1,1,1,1,50,41401,0,10,3,6,5,3,78,74,1
1,4,2.0,2.0,1,1,1,2,1,1,0,41330,0,3,3,6,5,3,51,81,4
1,1,1.0,2.0,2,1,1,2,1,1,0,41326,0,2,1,5,1,3,51,51,0
2,2,2.0,1.0,2,2,2,2,1,1,100,41326,0,2,4,5,1,3,78,74,0
1,2,3.0,2.0,2,2,1,2,1,5,0,41401,0,6,4,6,1,3,51,51,1
1,4,2.0,2.0,1,2,1,2,1,1,0,41326,0,5,1,6,5,3,83,41,0
2,0,1.0,2.0,2,1,1,1,1,1,10,41336,0,0,4,6,7,3,121,4,3
2,5,3.0,1.0,1,1,1,2,1,4,0,41326,0,4,1,1,7,3,74,110,0
2,2,2.0,2.0,1,2,2,2,1,1,0,41326,0,5,2,5,7,3,74,110,0
2,120,2.0,3.0,3,3,3,3,1,2,50,41401,0,1,4,6,5,3,45,110,1
2,12,1.0,2.0,1,3,3,3,1,1,0,41326,0,1,2,1,7,3,110,74,0
1,3,2.0,0.0,2,1,1,2,1,1,0,41326,0,19,1,6,4,2,51,85,0
2,12,1.0,2.0,2,1,2,2,1,2,0,41401,0,1,0,6,5,1,74,74,1
2,2,3.0,1.0,2,2,2,2,1,3,0,41326,0,3,3,6,5,3,9,110,0
1,2,2.0,2.0,1,2,2,2,1,1,0,41326,0,5,2,6,5,2,83,51,0
2,12,2.0,2.0,2,2,2,1,1,2,0,41401,0,1,4,6,5,1,110,74,1
1,1,3.0,0.0,1,2,2,2,1,6,0,41326,0,4,4,6,4,2,51,51,0
1,1,1.0,2.0,2,2,2,3,1,1,0,41326,0,5,3,5,1,3,51,51,0
2,9,1.0,3.0,3,1,1,1,1,1,0,41326,0,3,0,6,7,3,9,74,0
1,24,1.0,2.0,3,1,1,1,1,2,200,41401,0,1,4,6,5,3,83,11,1
2,60,2.0,3.0,3,1,1,1,1,1,0,41361,0,2,4,5,1,7,9,45,5
2,3,3.0,2.0,2,2,1,2,1,2,100,41326,0,2,3,6,5,4,47,32,0
2,30,2.0,2.0,1,1,1,1,1,1,10,41401,0,4,2,5,4,2,117,110,1
2,3,2.0,2.0,1,2,2,2,1,1,50,41326,0,2,4,6,4,7,119,109,0
1,1,3.0,3.0,2,2,2,2,1,3,0,41326,0,3,2,6,5,3,51,77,0
2,2,3.0,1.0,1,1,1,2,1,2,0,41326,0,5,1,5,4,1,55,55,0
2,6,2.0,1.0,2,2,2,2,1,1,0,41401,0,3,1,6,5,8,9,93,1
1,1,1.0,0.0,2,1,1,2,1,1,0,41326,0,1,1,6,5,2,51,51,0
1,2,2.0,2.0,2,2,2,2,1,1,0,41326,0,4,4,6,8,3,66,66,0
1,2,3.0,1.0,1,3,3,3,2,7,0,41401,0,12,4,6,5,3,51,51,1
2,48,1.0,3.0,1,1,1,1,1,2,0,41401,0,1,4,6,5,3,110,110,1
2,12,2.0,2.0,1,2,2,2,1,1,0,41326,0,1,2,6,5,8,93,70,0
1,22,1.0,2.0,1,1,1,2,1,1,0,41326,0,4,2,6,7,3,25,106,0
1,2,2.0,2.0,1,2,2,2,1,1,0,41326,0,1,2,6,5,1,51,68,0
1,36,1.0,1.0,1,3,3,3,1,1,0,41401,0,5,1,6,1,7,46,51,1
1,96,1.0,2.0,1,1,1,1,1,1,0,41401,0,2,3,5,4,8,54,77,1
1,5,2.0,2.0,1,1,1,2,1,1,0,41326,1,4,3,4,1,3,82,51,0
1,2,1.0,0.0,1,1,1,3,1,2,1,41326,0,2,2,5,1,2,51,51,0
1,31,2.0,2.0,2,1,1,1,1,1,0,41326,0,2,4,6,5,1,106,83,0
2,0,1.0,2.0,1,2,2,2,1,1,0,41401,0,10,1,6,7,3,110,55,1
1,24,3.0,2.0,2,1,1,1,1,4,0,41401,0,4,4,6,5,1,66,66,1
1,4,1.0,2.0,2,1,1,2,1,1,0,41326,0,2,2,6,5,3,51,51,0
2,15,2.0,1.0,1,1,1,1,1,1,0,41326,0,1,4,6,5,3,66,66,0
2,24,3.0,2.0,2,2,2,3,1,20,100,41326,0,1,4,6,1,3,103,69,0
2,48,2.0,1.0,1,1,1,1,1,2,30,41326,0,6,4,5,7,3,66,66,0
1,2,3.0,2.0,1,2,2,2,1,5,0,41326,0,5,2,6,5,4,51,51,0
2,3,2.0,1.0,1,2,2,2,1,1,0,41401,0,2,3,6,8,3,93,110,1
2,1,1.0,2.0,1,2,1,2,1,1,0,41326,1,6,2,6,7,3,62,55,0
2,2,2.0,2.0,2,2,1,2,1,1,15,41401,0,3,1,5,8,7,110,117,1
2,2,2.0,2.0,3,2,2,2,1,1,0,41401,0,1,3,6,7,3,13,45,1
2,6,3.0,2.0,1,1,1,3,1,3,150,41401,0,4,4,6,5,1,78,110,1
2,1,2.0,2.0,1,3,3,2,1,3,0,41401,0,3,1,6,7,3,119,69,1
2,2,3.0,3.0,2,2,1,3,1,5,30,41326,0,5,3,1,7,3,74,110,0
1,1,1.0,1.0,1,2,2,2,1,3,0,41326,0,5,4,6,5,3,51,51,0
2,5,1.0,2.0,2,1,1,2,1,2,0,41326,0,8,2,6,7,3,110,110,0
2,3,2.0,2.0,1,1,1,2,1,2,0,41326,0,3,1,6,8,3,110,110,0
1,1,1.0,1.0,1,2,2,3,1,1,0,41326,0,4,3,6,5,4,51,51,0
1,10,2.0,2.0,2,1,1,1,1,1,1,41401,0,4,4,8,1,2,25,114,1
2,60,2.0,2.0,2,1,1,1,1,2,0,41327,0,2,3,6,7,3,49,110,2
2,2,3.0,2.0,2,2,2,2,1,5,0,41326,0,10,2,6,7,3,110,110,0
1,3,3.0,0.0,2,2,2,2,1,7,0,41401,0,5,3,6,5,2,51,51,1
2,2,2.0,2.0,1,2,2,2,1,3,0,41326,0,2,1,6,5,2,110,55,0
2,2,2.0,2.0,3,2,1,2,1,1,550,41326,0,5,2,6,8,3,9,45,0
2,8,3.0,2.0,2,2,2,2,1,3,0,41326,0,0,4,6,8,3,74,74,0
1,3,2.0,2.0,2,1,1,2,1,4,0,41330,0,4,1,6,5,3,51,51,4
1,2,3.0,2.0,1,1,1,2,1,4,0,41326,0,5,2,5,4,3,51,84,0
1,2,1.0,1.0,1,1,3,2,1,1,0,41401,0,5,1,6,5,3,84,87,1
2,3,2.0,0.0,1,1,1,2,1,1,0,41326,2,9,3,8,1,2,66,66,0
2,84,2.0,2.0,2,3,3,1,1,1,50,41326,0,3,2,6,8,3,9,74,0
2,1,3.0,1.0,1,2,2,2,1,3,0,41401,0,2,2,5,8,7,74,74,1
2,3,2.0,1.0,1,2,2,2,1,1,0,41401,0,4,4,6,8,3,110,78,1
1,2,1.0,0.0,2,1,1,2,1,1,0,41326,0,5,1,6,5,2,51,51,0
2,3,2.0,2.0,1,2,2,2,1,1,0,41326,0,6,2,6,5,3,110,55,0
1,2,3.0,2.0,2,3,3,3,1,5,0,41326,0,18,2,6,5,3,51,51,0
2,2,1.0,2.0,1,2,2,2,1,1,0,41326,0,3,2,6,8,7,13,13,0
2,1,2.0,1.0,2,2,1,2,1,1,50,41326,0,7,3,5,8,3,66,66,0
1,17,3.0,2.0,1,3,3,1,1,2,0,41327,0,2,4,6,8,3,51,51,2
1,24,1.0,2.0,2,3,3,2,1,1,0,41326,0,0,4,5,4,3,90,51,0
1,36,1.0,3.0,1,1,1,1,1,1,0,41326,0,10,3,6,5,3,76,51,0
2,2,3.0,0.0,1,2,2,2,1,5,0,41326,0,3,4,6,5,2,110,110,0
2,18,2.0,2.0,1,2,1,1,1,1,0,41335,0,3,3,4,7,3,94,78,9
1,1,3.0,2.0,2,2,2,2,1,9,0,41332,0,3,4,6,5,4,51,51,7
2,1,2.0,2.0,2,2,2,2,1,2,0,41401,0,7,4,6,5,7,74,74,1
2,2,3.0,2.0,2,2,2,2,1,4,0,41326,0,1,1,6,5,2,66,78,0
1,4,3.0,2.0,1,1,1,2,1,2,0,41326,0,5,3,8,1,3,83,51,0
1,72,2.0,2.0,3,1,1,1,1,1,0,41326,6,24,4,6,5,2,51,22,0
2,4,2.0,0.0,3,2,1,2,1,1,250,41326,0,2,4,6,4,2,66,66,0
1,60,2.0,1.0,2,3,1,3,2,1,100,41332,0,3,4,6,5,7,66,66,7
2,72,2.0,2.0,2,3,3,3,1,1,0,41326,0,5,2,6,5,7,45,74,0
1,1,3.0,2.0,1,2,2,2,1,3,0,41326,0,7,2,6,5,7,51,51,0
1,7,1.0,2.0,1,1,1,3,1,1,0,41336,0,0,4,6,5,8,51,51,3
1,3,1.0,3.0,1,2,1,2,1,1,0,41326,0,19,2,6,4,3,81,51,0
1,2,3.0,2.0,2,2,2,2,1,6,0,41336,0,1,1,6,5,3,51,51,3
1,6,2.0,1.0,1,1,1,3,1,1,600,41326,0,4,4,6,5,3,90,67,0
2,2,3.0,1.0,3,2,2,2,1,4,300,41326,0,5,4,6,8,3,9,45,0
2,3,3.0,2.0,1,2,2,2,1,7,0,41326,0,3,2,6,8,3,23,110,0
2,2,2.0,2.0,1,2,1,2,1,1,0,41401,0,7,2,6,7,2,110,110,1
2,2,2.0,1.0,1,2,2,2,1,1,0,41336,0,2,0,6,7,3,110,62,3
2,3,2.0,1.0,1,2,2,2,1,3,0,41401,0,6,3,5,7,2,110,110,1
1,9,2.0,0.0,2,1,1,1,1,1,0,41401,0,2,4,6,5,2,83,51,1
1,2,3.0,2.0,2,2,1,1,1,6,0,41324,0,11,4,6,5,3,51,51,8
1,24,2.0,2.0,1,3,3,3,2,1,0,41326,0,1,1,6,4,3,104,51,0
1,2,3.0,2.0,1,2,2,2,1,4,0,41326,0,4,1,6,5,3,51,51,0
1,12,1.0,2.0,1,3,3,1,1,2,0,41326,0,20,3,5,1,3,51,51,0
1,2,3.0,2.0,1,1,1,2,1,2,200,41326,0,2,3,6,5,3,51,59,0
1,3,2.0,2.0,1,3,1,2,1,1,0,41401,0,3,1,1,7,2,25,90,1
1,1,3.0,2.0,2,1,1,2,1,5,0,41326,0,3,2,5,8,1,51,51,0
1,5,2.0,2.0,1,1,1,2,1,1,0,41326,0,2,2,6,5,3,51,87,0
2,8,3.0,2.0,2,2,2,3,1,7,0,41401,0,2,4,5,1,3,74,9,1
2,3,2.0,3.0,1,2,2,2,1,3,0,41326,0,2,3,6,4,3,119,47,0
2,15,3.0,2.0,1,1,1,2,1,3,0,41401,0,2,2,6,7,3,66,66,1
2,1,2.0,0.0,2,2,2,2,1,1,100,41336,0,2,2,6,5,2,45,110,3
1,6,2.0,2.0,2,1,1,2,1,2,1,41326,0,7,4,6,5,3,66,66,0
1,36,1.0,2.0,3,1,1,1,1,2,250,41401,0,2,4,6,5,3,51,51,1
1,3,3.0,2.0,1,3,3,3,1,2,0,41326,0,5,2,4,1,3,51,51,0
1,2,2.0,0.0,2,1,1,1,1,1,10,41326,0,2,2,6,5,2,51,106,0
2,11,2.0,2.0,2,3,3,2,1,1,250,41401,0,3,4,6,7,3,119,74,1
2,12,2.0,2.0,1,3,3,3,1,5,0,41325,0,4,4,6,8,3,66,66,6
1,12,1.0,3.0,2,2,2,1,1,1,150,41326,0,3,2,5,8,1,51,84,0
1,2,2.0,2.0,2,1,1,2,1,2,0,41326,0,22,3,6,5,3,51,83,0
1,1,1.0,1.0,2,2,2,2,1,1,0,41326,0,6,2,6,1,3,66,66,0
2,24,3.0,3.0,1,2,2,2,1,5,0,41326,0,5,4,6,5,3,110,110,0
1,1,2.0,2.0,1,2,2,2,1,2,0,41336,0,2,1,6,5,3,51,51,3
1,3,2.0,2.0,1,3,3,3,1,1,200,41326,0,0,4,4,1,2,84,48,0
2,2,1.0,2.0,1,2,1,2,1,1,0,41401,0,4,1,6,7,3,55,86,1
2,24,2.0,2.0,2,3,3,2,1,1,0,41401,0,2,3,6,5,7,9,74,1
1,2,2.0,2.0,1,1,1,2,1,1,0,41326,0,16,2,6,5,1,51,114,0
2,1,2.0,2.0,2,2,2,2,1,1,0,41326,0,2,1,6,5,3,55,110,0
1,3,2.0,0.0,2,2,2,2,1,1,0,41327,0,7,3,5,1,2,51,51,2
2,3,2.0,2.0,3,2,2,2,1,1,0,41342,0,3,0,6,7,3,66,66,10
1,1,3.0,2.0,2,2,2,2,1,3,0,41401,0,0,4,6,5,3,51,51,1
2,8,1.0,2.0,2,1,1,3,1,1,100,41336,0,5,4,6,7,3,58,58,3
1,1,2.0,1.0,1,2,1,3,1,2,0,41326,0,2,4,6,5,1,51,51,0
2,4,3.0,2.0,2,1,1,1,1,2,50,41326,0,4,3,6,7,3,110,74,0
1,10,3.0,3.0,3,1,1,1,1,3,0,41326,0,4,3,6,4,3,66,66,0
2,1,3.0,1.0,1,2,2,2,1,2,0,41336,0,15,2,6,8,3,110,110,3
2,3,1.0,2.0,1,2,1,2,1,1,30,41326,0,1,4,8,7,3,110,110,0
1,3,2.0,2.0,1,3,1,2,1,1,0,41326,0,2,0,4,1,3,84,114,0
1,3,1.0,2.0,2,2,1,2,1,1,0,41326,0,5,1,6,5,3,75,51,0
1,1,2.0,2.0,1,2,2,2,1,1,0,41326,0,1,4,6,8,3,51,51,0
1,2,2.0,3.0,2,1,1,2,1,1,0,41326,0,6,1,5,1,3,83,51,0
2,2,2.0,1.0,2,1,1,2,1,1,0,41326,0,4,1,6,4,3,110,3,0
2,5,2.0,2.0,1,2,2,2,1,2,0,41326,0,3,3,6,7,3,66,66,0
2,3,2.0,2.0,1,2,2,2,1,1,0,41326,0,3,1,6,4,7,62,119,0
1,1,3.0,2.0,1,2,1,2,1,4,0,41401,5,5,1,6,1,3,72,83,1
2,1,1.0,3.0,1,2,2,2,1,1,0,41326,0,4,3,5,4,3,45,110,0
2,4,2.0,2.0,1,1,1,2,1,1,100,41326,0,5,3,6,7,2,110,55,0
1,3,1.0,2.0,2,1,1,1,1,1,0,41330,0,4,3,5,1,3,51,84,4
1,1,3.0,2.0,2,3,3,3,1,6,0,41401,0,7,2,6,5,3,66,66,1
1,2,2.0,2.0,2,1,1,2,1,1,0,41326,0,6,1,6,5,3,51,83,0
2,2,2.0,2.0,2,2,2,2,1,1,20,41326,0,4,1,5,1,3,110,45,0
2,6,2.0,1.0,2,1,1,2,1,1,0,41326,0,2,1,5,1,3,78,74,0
1,1,2.0,2.0,2,1,1,2,1,1,0,41326,0,1,3,6,5,3,51,51,0
1,4,1.0,0.0,1,1,1,1,1,1,0,41326,0,5,4,6,5,2,66,51,0
2,1,2.0,2.0,2,2,1,2,1,1,40,41326,0,7,3,4,1,3,74,13,0
2,0,2.0,1.0,1,2,2,2,1,6,0,41401,0,0,4,6,5,3,110,110,1
2,1,1.0,0.0,1,2,1,2,1,1,30,41326,0,6,2,6,7,2,110,55,0
2,8,2.0,0.0,1,2,2,2,1,1,10,41326,0,11,3,6,5,2,110,58,0
1,3,1.0,2.0,2,2,2,3,1,1,0,41326,0,3,4,5,1,3,120,51,0
2,14,3.0,0.0,2,2,2,2,1,3,0,41326,0,3,4,4,8,2,74,55,0
2,2,2.0,0.0,1,2,1,2,1,1,0,41326,0,1,2,6,4,2,62,62,0
1,1,1.0,2.0,2,2,1,2,1,2,0,41326,0,5,1,6,5,3,65,6,0
2,2,3.0,1.0,1,2,1,2,1,5,20,41401,0,5,4,6,4,3,66,66,1
1,4,1.0,2.0,1,2,2,2,1,1,0,41326,0,4,4,6,5,3,88,81,0
1,2,3.0,2.0,2,1,1,2,1,4,100,41326,0,14,3,6,5,3,51,51,0
1,2,1.0,1.0,1,2,2,2,1,4,0,41327,0,3,2,6,1,3,51,6,2
2,1,3.0,2.0,1,1,1,2,1,2,0,41401,0,1,2,6,1,3,66,66,1
2,5,1.0,2.0,1,2,1,2,1,1,0,41401,0,1,2,6,7,3,107,110,1
1,12,2.0,2.0,1,1,1,1,1,1,100,41332,0,2,2,6,5,3,51,51,7
1,1,3.0,2.0,2,2,1,2,1,2,0,41326,0,13,2,6,5,3,68,51,0
2,2,3.0,1.0,1,2,2,2,1,4,0,41326,0,2,3,6,8,3,55,26,0
1,2,2.0,3.0,1,2,2,2,1,6,0,41327,0,5,3,6,8,3,51,51,2
2,4,2.0,2.0,1,3,3,3,1,1,0,41401,0,3,4,6,7,2,110,110,1
1,2,2.0,2.0,1,3,3,2,1,5,0,41326,0,0,0,6,5,3,51,51,0
2,12,3.0,2.0,1,2,1,1,1,2,0,41336,0,5,4,5,4,3,110,74,3
2,4,2.0,2.0,1,2,1,2,1,1,0,41401,0,22,3,6,5,3,110,32,1
2,5,2.0,2.0,3,2,1,2,1,1,80,41326,0,7,1,5,4,2,110,9,0
2,3,3.0,2.0,2,2,1,2,1,3,0,41325,0,11,2,4,1,7,78,55,6
1,6,2.0,2.0,2,1,1,2,1,1,0,41326,0,11,1,4,1,3,51,106,0
2,4,2.0,2.0,2,1,1,1,1,2,100,41326,0,2,4,6,5,3,110,55,0
2,1,3.0,2.0,1,2,1,3,1,5,0,41326,0,1,4,6,7,3,110,110,0
2,1,3.0,1.0,2,2,1,2,1,2,30,41326,0,3,1,6,4,3,55,74,0
2,5,2.0,2.0,2,2,2,2,1,3,20,41326,0,4,2,6,7,3,74,74,0
1,2,1.0,2.0,1,2,1,2,1,1,0,41326,0,4,2,6,5,3,18,51,0
2,2,2.0,2.0,2,2,1,2,1,1,0,41401,0,4,2,6,5,8,62,93,1
2,3,3.0,1.0,2,2,2,2,1,3,0,41332,0,5,1,6,5,1,66,66,7
1,2,1.0,2.0,2,3,3,2,1,1,0,41326,0,4,0,5,1,3,51,51,0
1,5,2.0,2.0,2,2,2,2,1,1,0,41401,0,2,2,8,1,3,51,51,1
2,18,2.0,2.0,3,1,1,1,1,1,30,41326,0,5,3,6,8,3,9,45,0
1,36,2.0,1.0,3,1,1,2,1,1,0,41336,0,2,1,6,7,3,46,83,3
2,9,3.0,2.0,2,2,3,3,1,2,0,41330,0,3,4,6,8,3,74,74,4
1,1,3.0,1.0,1,2,2,2,1,6,0,41326,0,5,2,6,5,3,51,51,0
2,1,1.0,0.0,1,1,1,2,1,1,0,41326,0,4,3,5,1,2,78,55,0
2,12,2.0,2.0,1,2,2,1,1,1,0,41326,0,3,4,8,7,3,110,110,0
2,2,3.0,1.0,2,2,2,2,1,3,0,41401,0,6,1,6,7,3,74,74,1
2,6,3.0,1.0,1,3,3,3,1,5,0,41327,0,2,4,6,8,3,110,74,2
2,2,3.0,1.0,1,1,1,2,1,3,0,41401,0,14,3,4,1,7,78,110,1
2,84,2.0,1.0,1,1,1,1,1,1,0,41326,0,1,4,8,7,3,74,110,0
1,29,2.0,1.0,2,1,1,1,1,1,300,41326,0,5,2,6,7,3,66,66,0
2,15,3.0,2.0,1,3,3,3,1,2,0,41326,0,4,2,8,1,3,110,110,0
1,3,1.0,2.0,2,1,1,2,1,1,0,41401,0,2,2,6,5,3,51,51,1
2,120,2.0,1.0,1,1,1,1,1,1,0,41401,0,4,4,5,7,3,78,69,1
2,12,2.0,1.0,2,1,1,2,1,1,0,41326,0,1,1,5,8,1,93,93,0
1,24,2.0,2.0,2,3,1,3,1,1,0,41336,0,1,3,6,5,3,51,51,3
2,2,3.0,1.0,1,1,1,2,1,2,0,41332,0,4,4,6,5,3,110,110,7
2,1,3.0,1.0,2,2,1,2,1,3,0,41326,0,3,3,6,5,3,55,110,0
2,2,2.0,2.0,1,2,2,2,1,4,0,41326,0,3,1,6,5,2,110,110,0
1,1,2.0,0.0,2,2,2,2,1,1,0,41326,0,1,1,6,5,2,120,6,0
1,18,2.0,2.0,1,1,1,1,1,1,0,41326,0,10,4,6,4,1,51,21,0
1,72,1.0,0.0,3,1,1,1,1,1,200,41326,0,9,2,6,7,2,46,91,0
1,36,1.0,3.0,2,3,3,3,1,1,0,41326,0,1,1,6,4,3,106,51,0
2,1,2.0,2.0,3,2,2,2,1,2,0,41326,0,5,1,6,7,3,110,45,0
2,24,2.0,0.0,1,1,1,1,1,1,50,41401,0,13,3,4,7,2,32,110,1
1,12,2.0,2.0,2,3,3,3,1,1,0,41326,0,4,1,5,4,8,51,51,0
1,3,2.0,2.0,2,1,1,2,1,1,0,41326,0,6,3,6,5,3,51,114,0
2,2,2.0,3.0,3,2,1,3,1,1,0,41326,0,3,1,6,5,8,45,45,0
1,1,3.0,2.0,2,2,2,2,1,10,0,41401,0,21,3,6,5,3,51,51,1
2,212,3.0,1.0,1,1,1,3,1,3,0,41401,0,3,3,6,1,3,110,110,1
1,6,3.0,2.0,2,1,1,2,1,2,0,41326,0,4,4,6,4,1,56,114,0
1,19,3.0,2.0,1,3,3,3,1,3,0,41401,0,16,4,6,5,3,51,59,1
1,2,1.0,2.0,1,1,1,2,1,1,0,41326,1,3,2,6,5,3,51,51,0
2,2,1.0,1.0,2,2,2,2,1,1,0,41326,0,3,2,4,8,3,110,9,0
2,1,2.0,2.0,1,2,2,2,1,5,0,41401,0,6,2,6,7,2,9,74,1
2,2,3.0,1.0,1,3,3,3,1,3,0,41332,0,5,4,6,7,3,26,13,7
1,2,3.0,2.0,1,2,1,2,1,2,80,41336,0,4,2,6,5,7,51,51,3
2,24,2.0,0.0,2,1,1,1,1,1,0,41326,0,2,2,5,1,2,78,74,0
1,36,2.0,2.0,3,3,3,3,1,1,0,41326,0,3,4,6,5,3,46,90,0
2,3,3.0,2.0,3,2,1,2,1,3,100,41326,0,2,1,6,5,3,47,32,0
2,5,2.0,2.0,1,2,2,2,1,1,0,41401,0,5,2,6,8,3,9,62,1
1,60,2.0,2.0,2,1,1,1,1,1,0,41326,0,5,3,5,8,2,114,51,0
2,2,2.0,2.0,2,2,1,2,1,1,180,41401,0,1,2,6,7,3,70,9,1
1,12,2.0,2.0,2,2,2,2,1,1,0,41326,0,1,4,5,4,1,83,51,0
2,2,2.0,2.0,1,3,3,3,1,1,0,41326,0,3,3,5,4,3,110,74,0
2,11,2.0,2.0,1,1,1,1,1,1,0,41326,0,5,4,6,8,3,66,66,0
2,1,2.0,2.0,3,3,3,3,1,1,0,41326,0,3,1,8,1,3,13,24,0
1,12,2.0,2.0,1,1,1,1,1,1,0,41326,0,8,4,6,5,3,72,51,0
1,2,1.0,2.0,1,2,2,2,1,1,0,41326,0,1,4,6,5,3,51,51,0
2,3,2.0,2.0,1,2,1,2,1,1,0,41326,0,5,4,6,8,3,66,66,0
2,2,1.0,2.0,2,1,1,1,1,1,0,41326,0,1,4,6,7,3,110,55,0
1,1,1.0,2.0,1,1,1,2,1,1,100,41326,0,4,2,6,5,3,66,66,0
1,3,3.0,2.0,1,1,1,2,1,5,0,41326,0,5,4,6,5,3,51,51,0
1,2,2.0,2.0,2,1,1,2,1,1,150,41401,0,6,1,6,5,1,43,51,1
2,8,3.0,2.0,1,2,1,2,1,3,0,41327,0,2,1,5,8,3,110,74,2
2,2,3.0,1.0,1,2,2,2,1,2,0,41327,1,8,2,5,4,7,110,55,2
1,10,1.0,1.0,1,1,1,2,1,1,500,41326,0,4,2,6,5,3,87,71,0
2,1,3.0,1.0,2,2,2,2,1,5,0,41401,0,1,1,6,7,3,74,74,1
2,14,2.0,2.0,3,2,2,2,1,1,0,41401,0,2,3,4,1,3,45,74,1
1,24,1.0,2.0,1,3,3,3,1,1,0,41326,0,1,1,6,5,1,101,51,0
2,15,1.0,3.0,2,1,1,1,1,1,0,41326,0,1,1,5,1,3,66,66,0
2,2,1.0,2.0,2,2,1,2,1,1,50,41326,0,8,1,6,5,7,45,74,0
2,4,3.0,1.0,1,1,1,2,1,4,0,41401,0,4,4,5,8,7,110,110,1
2,2,3.0,1.0,3,2,3,2,1,3,0,41326,0,3,1,6,5,7,62,45,0
2,0,3.0,2.0,1,2,2,2,1,5,0,41326,0,14,3,6,5,3,110,110,0
2,1,3.0,1.0,1,2,2,2,1,2,0,41326,0,6,2,6,7,3,66,66,0
2,3,2.0,2.0,1,2,1,2,1,4,0,41326,0,5,2,6,8,3,110,74,0
2,24,3.0,1.0,2,2,1,2,1,4,0,41326,0,3,3,6,7,3,94,78,0
2,3,2.0,2.0,2,2,1,2,1,2,0,41327,0,4,3,6,5,8,74,110,2
1,2,2.0,2.0,1,2,2,2,1,3,0,41326,0,5,4,6,5,3,51,51,0
1,1,3.0,1.0,1,2,2,2,1,5,0,41401,0,3,2,6,5,4,51,51,1
1,5,3.0,1.0,1,2,2,2,1,4,0,41326,0,5,4,5,1,3,51,51,0
2,3,2.0,2.0,2,2,1,2,1,1,0,41326,0,0,4,6,5,1,55,74,0
2,3,2.0,2.0,1,2,1,2,1,1,50,41327,0,2,4,5,1,3,4,78,2
2,3,3.0,1.0,1,2,2,2,1,3,0,41401,0,1,3,6,4,3,69,69,1
1,4,2.0,2.0,1,2,2,2,1,3,0,41401,0,0,4,6,8,3,51,51,1
1,2,2.0,2.0,2,2,2,2,1,6,0,41326,0,6,2,6,5,1,51,51,0
2,1,3.0,1.0,3,2,2,2,1,3,0,41401,0,0,4,6,1,7,70,45,1
1,10,2.0,2.0,1,1,1,1,1,1,0,41401,0,5,2,6,5,3,1,51,1
1,1,2.0,2.0,1,2,1,2,1,3,0,41326,0,4,2,6,5,3,51,51,0
2,36,3.0,2.0,1,2,2,2,2,3,0,41326,0,5,3,5,8,3,110,110,0
1,11,3.0,2.0,1,3,3,3,1,5,0,41327,0,7,4,6,5,1,51,84,2
2,3,1.0,0.0,1,2,1,2,1,1,0,41326,0,5,2,5,7,2,55,78,0
2,2,2.0,1.0,1,2,2,2,1,1,0,41326,0,4,4,5,7,3,110,94,0
1,2,1.0,1.0,2,2,2,2,2,1,0,41326,0,3,1,5,1,3,51,34,0
2,24,3.0,2.0,2,3,3,1,1,10,0,41327,0,10,4,6,5,3,32,55,2
1,24,2.0,2.0,1,1,1,1,1,1,0,41326,0,7,4,6,5,3,83,51,0
1,2,1.0,2.0,1,2,2,2,1,8,0,41326,0,7,2,6,5,3,51,51,0
2,1,3.0,2.0,1,2,2,2,1,2,0,41401,0,3,1,6,8,3,110,110,1
2,36,2.0,2.0,1,1,1,1,1,1,0,41326,0,4,4,6,8,3,110,32,0
1,8,1.0,2.0,3,2,1,2,1,1,0,41361,0,1,1,5,8,1,108,108,5
1,2,2.0,2.0,2,1,1,2,1,4,0,41401,0,8,3,6,5,2,51,51,1
2,4,1.0,2.0,2,1,1,2,1,1,0,41326,0,0,2,4,8,7,47,78,0
1,0,2.0,2.0,1,2,2,2,1,1,0,41336,0,1,4,5,1,3,66,66,3
1,3,1.0,2.0,1,1,1,2,1,1,0,41401,0,3,2,4,1,3,51,68,1
2,1,2.0,0.0,1,2,1,2,1,1,30,41326,0,5,1,6,1,2,110,109,0
2,4,1.0,2.0,1,2,2,2,1,1,0,41401,0,3,3,5,1,3,55,110,1
1,4,3.0,2.0,1,2,1,2,1,2,0,41326,0,5,3,6,5,1,106,51,0
1,2,3.0,2.0,1,1,1,2,1,2,0,41401,0,5,4,5,8,1,51,51,1
2,3,3.0,2.0,2,2,2,2,1,2,0,41336,0,1,3,6,8,3,74,74,3
1,2,2.0,2.0,1,2,1,2,1,1,0,41326,0,1,2,6,5,3,66,66,0
1,24,2.0,1.0,2,1,1,1,1,1,0,41326,0,4,3,5,1,3,87,51,0
1,12,3.0,0.0,2,1,1,3,1,3,0,41401,0,2,4,6,5,2,66,66,1
2,6,2.0,2.0,1,1,1,1,1,1,0,41401,0,4,2,6,4,1,110,93,1
1,1,3.0,2.0,2,2,2,2,1,7,0,41326,1,10,3,6,4,8,51,51,0
1,84,1.0,2.0,2,1,1,1,1,1,10,41401,0,2,2,6,5,3,66,66,1
1,10,1.0,2.0,2,1,1,2,1,3,0,41326,1,12,4,6,4,3,51,51,0
1,2,2.0,2.0,2,3,3,3,1,4,0,41324,0,4,4,6,5,3,51,51,8
2,20,2.0,1.0,1,2,1,1,1,1,30,41326,0,3,4,5,1,3,110,78,0
2,2,2.0,2.0,2,2,1,2,1,1,50,41326,0,7,3,6,7,3,45,74,0
1,7,2.0,2.0,1,1,1,3,1,1,0,41336,0,0,4,6,5,2,51,51,3
2,2,2.0,2.0,2,2,2,2,1,5,0,41401,0,4,1,6,5,2,74,74,1
1,6,1.0,2.0,1,1,1,2,1,1,0,41326,0,3,3,5,1,3,66,66,0
2,8,2.0,2.0,3,2,2,2,1,1,0,41326,0,4,0,5,1,3,107,70,0
2,3,2.0,2.0,2,1,1,1,1,1,200,41401,0,2,1,6,5,3,47,9,1
1,2,2.0,2.0,1,2,2,3,1,3,0,41326,0,8,3,6,5,2,51,51,0
1,1,2.0,1.0,1,2,1,2,1,1,50,41327,0,2,4,6,5,7,51,51,2
1,2,1.0,2.0,2,2,1,2,1,1,0,41326,0,4,3,6,5,3,51,51,0
2,2,1.0,2.0,3,2,1,2,1,1,50,41326,2,10,1,6,7,3,45,55,0
1,12,2.0,3.0,1,1,1,1,1,1,0,41326,0,1,4,6,1,3,51,51,0
2,3,2.0,2.0,1,2,1,2,1,1,0,41326,0,5,1,5,1,3,55,78,0
1,2,1.0,2.0,1,2,2,2,1,1,0,41401,0,2,1,8,1,3,51,51,1
2,14,2.0,3.0,3,1,1,1,1,1,0,41326,0,2,4,6,8,3,45,110,0
1,2,1.0,1.0,1,1,1,2,1,1,0,41330,0,2,3,5,8,1,51,51,4
2,12,2.0,2.0,2,2,1,1,1,2,0,41326,0,6,2,6,5,8,32,32,0
2,2,3.0,1.0,2,2,2,2,1,4,0,41401,0,1,2,6,8,3,74,110,1
2,1,3.0,0.0,3,3,3,3,1,4,0,41332,0,6,1,8,7,2,74,109,7
2,2,3.0,2.0,2,2,2,2,1,5,0,41326,0,5,3,6,7,3,55,69,0
2,2,2.0,2.0,2,1,1,2,1,1,0,41401,0,11,2,5,4,1,93,110,1
1,24,2.0,2.0,2,3,3,3,1,1,0,41401,0,5,2,6,5,3,51,120,1
2,1,3.0,1.0,2,2,2,2,1,6,0,41330,0,1,4,6,8,3,74,74,4
2,2,2.0,0.0,2,2,1,2,1,2,100,41326,0,10,1,6,7,2,110,74,0
2,1,2.0,2.0,1,2,1,2,1,1,0,41326,0,6,3,6,4,3,32,110,0
2,31,2.0,2.0,2,1,1,2,1,2,0,41326,0,23,3,6,4,3,32,74,0
2,1,3.0,0.0,1,2,2,2,1,2,0,41401,0,2,1,8,1,2,55,110,1
2,2,3.0,1.0,2,1,1,2,1,3,0,41401,0,4,1,5,7,3,45,70,1
1,3,1.0,2.0,3,2,2,2,1,1,0,41326,0,6,3,5,4,3,114,51,0
1,2,3.0,0.0,1,1,1,2,1,6,0,41401,0,5,4,6,5,2,2,51,1
2,5,2.0,3.0,2,2,2,2,1,1,0,41401,0,4,3,6,5,3,9,74,1
2,3,2.0,1.0,1,2,2,2,1,1,50,41326,0,1,2,8,1,3,78,62,0
2,1,1.0,2.0,2,2,1,2,1,2,0,41401,0,15,3,8,1,3,74,74,1
1,4,2.0,2.0,2,1,1,3,1,2,0,41326,0,5,3,6,7,3,51,51,0
2,5,2.0,2.0,2,3,3,3,1,1,0,41401,0,13,1,6,7,3,66,66,1
2,1,3.0,2.0,2,2,1,2,1,2,0,41326,0,2,1,5,4,3,110,110,0
2,3,3.0,2.0,2,1,1,2,1,2,0,41401,0,11,3,6,1,3,110,74,1
2,36,1.0,2.0,2,3,1,1,1,1,0,41326,0,4,4,5,7,3,74,62,0
2,3,1.0,1.0,3,2,2,2,1,1,200,41326,0,12,1,4,7,3,16,74,0
2,2,2.0,1.0,1,2,2,2,1,3,0,41401,0,4,1,6,7,3,110,110,1
1,12,1.0,2.0,1,1,1,1,1,1,0,41326,0,3,4,6,5,3,51,68,0
2,4,2.0,2.0,1,2,2,2,1,1,0,41401,1,2,1,6,7,3,55,110,1
2,2,3.0,1.0,2,2,2,2,1,2,0,41326,0,2,1,5,4,1,74,110,0
1,24,2.0,2.0,2,3,3,1,1,1,0,41326,0,2,2,6,7,3,66,66,0
1,24,2.0,2.0,2,1,1,1,1,1,0,41326,0,3,3,6,5,3,66,66,0
2,1,3.0,1.0,1,2,2,2,1,3,0,41326,0,5,2,6,5,7,110,47,0
2,3,2.0,2.0,2,2,1,2,1,2,0,41401,0,6,1,6,5,2,55,93,1
1,5,2.0,2.0,2,2,2,1,1,1,0,41336,0,1,4,6,5,1,51,51,3
2,1,2.0,1.0,1,2,2,2,1,4,0,41401,0,2,4,6,5,3,66,66,1
2,2,3.0,3.0,2,1,1,2,1,3,0,41401,0,6,1,5,7,3,74,70,1
2,2,3.0,2.0,1,2,2,2,1,5,0,41326,0,10,1,6,1,3,110,74,0
1,1,2.0,2.0,1,2,2,2,1,1,0,41326,0,4,3,6,5,3,51,51,0
2,1,3.0,0.0,2,2,2,2,1,4,0,41401,0,3,2,6,8,2,66,66,1
1,9,2.0,0.0,1,1,1,2,1,1,0,41326,0,4,3,5,1,2,54,87,0
1,2,2.0,3.0,1,3,3,3,1,3,0,41326,0,1,2,6,5,3,51,51,0
1,48,2.0,2.0,2,3,3,3,1,9,200,41401,0,3,4,6,5,3,51,51,1
2,3,1.0,2.0,1,1,3,2,1,4,0,41330,1,5,3,6,5,3,110,110,4
2,3,3.0,2.0,2,2,1,2,1,4,0,41401,0,7,2,6,8,7,45,110,1
2,4,2.0,1.0,1,2,2,2,1,1,0,41326,0,3,3,5,8,1,60,110,0
1,1,3.0,2.0,1,1,1,1,1,4,8,41401,0,4,2,6,5,1,51,59,1
1,2,3.0,2.0,1,1,1,2,1,2,0,41326,0,8,3,6,4,1,59,51,0
1,60,1.0,2.0,2,1,1,2,1,1,0,41336,0,2,2,6,5,3,51,51,3
1,1,2.0,0.0,1,2,2,2,1,7,0,41336,0,7,2,6,5,2,51,51,3
2,10,2.0,2.0,1,1,1,1,1,1,0,41326,0,2,3,6,8,3,110,93,0
2,5,2.0,0.0,1,2,1,1,1,1,0,41401,0,3,3,6,5,2,110,32,1
2,4,2.0,2.0,1,2,2,2,1,1,0,41326,0,1,4,6,4,3,32,110,0
1,76,2.0,2.0,1,1,1,2,1,2,0,41326,2,3,4,6,4,2,51,51,0
1,12,2.0,1.0,2,3,1,1,1,1,0,41326,0,1,1,6,5,4,100,51,0
2,3,2.0,2.0,2,2,1,2,1,1,0,41401,0,0,4,4,8,1,110,110,1
2,1,3.0,2.0,2,2,2,2,1,2,0,41401,0,5,1,6,5,3,74,74,1
1,18,2.0,3.0,1,1,1,1,1,4,0,41327,0,3,4,6,5,8,51,51,2
2,2,2.0,1.0,1,1,2,2,1,2,0,41326,0,5,3,5,7,3,110,110,0
1,2,2.0,2.0,2,2,2,2,1,2,0,41326,0,9,3,6,4,1,83,51,0
1,1,2.0,2.0,1,2,2,2,1,1,0,41325,0,1,2,6,5,3,84,51,6
2,1,1.0,2.0,2,2,1,2,1,1,40,41326,0,5,3,4,1,3,74,62,0
1,3,2.0,2.0,2,2,1,2,1,1,150,41401,0,8,1,1,7,3,83,87,1
1,2,3.0,0.0,2,2,2,2,1,6,0,41326,0,1,2,6,5,2,84,68,0
2,8,2.0,2.0,3,2,2,2,1,1,100,41326,0,4,1,6,5,7,70,107,0
1,9,2.0,2.0,2,1,1,1,1,1,0,41326,0,7,2,6,5,3,51,68,0
2,21,1.0,3.0,3,1,1,2,2,1,0,41326,0,1,4,1,7,3,45,78,0
1,4,1.0,3.0,2,2,1,2,1,1,0,41326,0,12,2,6,5,4,52,51,0
1,3,3.0,3.0,2,1,1,2,1,3,0,41326,0,7,3,6,7,3,120,114,0
1,24,2.0,3.0,1,2,2,2,1,3,0,41336,1,5,3,5,1,2,66,66,3
2,1,2.0,2.0,2,2,2,2,1,1,0,41401,0,8,2,6,8,3,74,74,1
2,12,2.0,0.0,2,3,3,3,1,1,0,41324,0,1,4,6,5,2,74,74,8
1,72,2.0,2.0,2,1,1,2,1,1,0,41326,0,1,3,6,5,2,104,104,0
2,5,3.0,2.0,2,1,1,2,1,2,0,41326,0,5,3,6,5,3,66,66,0
1,12,1.0,2.0,1,2,2,1,1,1,0,41401,0,1,4,5,8,3,66,66,1
2,12,2.0,2.0,1,1,1,1,1,1,0,41326,0,9,4,6,7,3,74,74,0
1,2,2.0,2.0,1,2,1,2,1,1,80,41326,0,3,4,5,8,2,51,51,0
2,12,3.0,0.0,2,2,2,2,1,4,25,41326,0,1,3,6,4,2,119,109,0
2,3,1.0,2.0,1,1,1,2,1,1,0,41326,1,4,3,6,7,3,110,110,0
2,2,2.0,2.0,1,2,2,2,1,1,0,41401,0,4,2,6,4,7,110,55,1
2,3,2.0,1.0,2,2,2,2,1,2,100,41326,0,3,3,6,5,1,110,45,0
1,72,1.0,2.0,2,3,3,3,1,1,0,41326,0,2,4,4,8,3,51,84,0
2,3,2.0,0.0,2,2,1,2,1,1,0,41401,0,1,1,6,5,2,55,74,1
2,5,1.0,0.0,3,1,1,2,1,1,0,41326,0,5,3,6,7,2,9,45,0
2,2,1.0,1.0,2,2,2,2,1,2,0,41361,0,2,4,8,1,2,66,74,5
1,4,2.0,2.0,2,1,1,2,1,2,0,41330,0,2,2,6,5,3,51,51,4
2,2,3.0,2.0,2,2,1,2,1,5,0,41401,0,6,2,6,5,3,74,78,1
2,6,2.0,0.0,2,3,1,2,1,1,0,41326,0,1,4,6,5,2,119,110,0
2,12,2.0,2.0,3,1,1,1,1,1,0,41326,0,4,3,6,1,3,9,45,0
2,4,2.0,2.0,2,1,1,2,1,2,0,41401,0,11,2,4,1,2,74,55,1
2,4,3.0,3.0,3,1,1,2,1,2,0,41326,0,5,4,6,5,3,24,123,0
2,2,3.0,1.0,1,2,2,2,1,2,0,41326,0,13,1,1,7,3,110,110,0
2,4,3.0,0.0,1,2,2,2,1,2,0,41326,0,4,4,6,8,2,110,110,0
1,1,3.0,1.0,2,3,3,3,1,6,0,41327,0,2,4,6,5,1,66,66,2
2,72,1.0,2.0,2,3,3,3,1,1,0,41401,0,1,4,5,4,8,39,47,1
2,13,2.0,2.0,3,1,1,2,1,1,0,41326,0,4,2,6,4,3,45,9,0
2,1,2.0,1.0,2,2,1,2,1,1,0,41401,0,2,1,6,5,2,66,66,1
2,2,3.0,2.0,1,2,1,2,1,2,50,41401,0,4,4,6,8,7,10,55,1
2,6,2.0,2.0,2,1,1,2,1,1,100,41326,0,1,0,5,8,3,70,9,0
1,24,1.0,2.0,2,1,1,1,1,1,200,41326,0,2,2,6,5,1,1,63,0
2,10,3.0,2.0,1,1,1,1,1,2,100,41330,0,5,3,6,4,3,26,32,4
2,10,2.0,3.0,2,2,2,2,1,1,0,41401,0,1,1,6,5,8,74,45,1
2,7,2.0,2.0,2,1,1,2,1,1,0,41326,0,5,4,6,7,3,9,74,0
2,24,3.0,2.0,2,1,1,1,1,2,0,41401,0,5,0,5,7,3,78,74,1
1,7,2.0,0.0,2,1,1,1,1,1,0,41401,0,4,4,5,1,2,76,51,1
2,1,3.0,1.0,2,2,2,2,1,5,0,41326,0,2,3,5,8,7,74,26,0
2,8,2.0,0.0,1,2,2,1,1,1,0,41326,0,6,2,6,5,2,97,39,0
2,12,2.0,3.0,1,1,1,1,1,1,100,41326,0,1,4,6,5,2,66,66,0
1,24,3.0,2.0,1,2,2,1,1,4,8,41326,0,4,3,5,8,1,51,83,0
2,3,2.0,1.0,2,2,1,2,1,1,0,41326,0,2,4,6,5,4,45,74,0
1,1,3.0,2.0,1,2,2,2,1,2,100,41326,0,6,3,6,5,3,108,51,0
1,2,2.0,0.0,1,2,2,2,1,1,0,41325,0,5,2,6,4,2,84,51,6
2,4,2.0,2.0,2,2,1,2,1,1,0,41401,0,1,3,6,5,4,110,32,1
2,5,3.0,2.0,2,2,2,2,1,3,0,41326,0,12,3,1,7,3,74,110,0
2,3,1.0,1.0,2,2,3,2,1,2,0,41336,0,2,4,5,8,3,103,69,3
1,3,2.0,2.0,1,1,1,3,1,1,0,41326,0,2,1,6,5,2,43,51,0
1,1,3.0,2.0,1,1,1,2,1,4,0,41326,0,8,3,6,5,3,51,51,0
1,1,2.0,2.0,1,2,2,2,1,1,0,41325,0,1,2,6,8,3,84,51,6
2,2,3.0,1.0,1,2,1,2,1,3,0,41401,0,11,1,6,1,7,98,78,1
1,12,1.0,2.0,2,2,2,2,1,1,0,41367,0,7,4,6,5,3,51,51,11
2,2,1.0,1.0,2,2,1,2,1,1,0,41326,0,4,1,4,1,3,62,74,0
1,1,2.0,2.0,1,2,2,2,1,1,0,41326,0,5,2,6,5,3,51,51,0
2,10,2.0,3.0,3,1,1,1,1,1,0,41326,0,6,2,1,7,3,107,70,0
1,2,2.0,2.0,2,1,1,2,1,4,0,41401,0,15,0,6,5,1,114,51,1
1,5,2.0,2.0,1,1,2,2,1,1,100,41326,0,1,1,6,5,1,43,51,0
1,24,2.0,2.0,2,1,1,1,1,1,0,41326,0,11,4,6,5,3,66,66,0
1,2,1.0,2.0,1,2,1,2,1,1,80,41326,0,3,4,6,5,3,51,51,0
2,1,3.0,1.0,2,1,1,3,1,2,0,41326,0,3,4,6,5,3,24,119,0
2,1,3.0,2.0,1,2,2,2,1,6,100,41401,0,3,4,6,5,3,110,110,1
2,1,3.0,0.0,1,2,1,2,1,3,0,41326,0,3,4,5,1,2,110,110,0
2,3,1.0,2.0,1,1,1,2,1,1,0,41326,0,4,3,6,7,3,55,110,0
1,84,2.0,2.0,1,1,1,1,1,1,0,41326,0,1,4,6,5,3,106,51,0
2,12,2.0,1.0,1,1,1,1,1,1,0,41327,0,1,3,8,7,3,110,50,2
1,5,2.0,2.0,2,1,1,2,1,1,0,41326,0,2,4,6,7,3,51,81,0
2,7,2.0,1.0,3,1,1,2,2,1,0,41326,0,5,0,4,8,3,9,61,0
2,1,3.0,2.0,2,2,1,2,1,2,0,41401,0,3,2,6,7,3,110,110,1
1,2,2.0,2.0,1,2,2,2,1,1,0,41326,0,6,3,5,1,3,66,66,0
1,2,1.0,2.0,2,1,1,2,1,1,0,41326,0,1,3,6,5,3,51,51,0
2,2,1.0,2.0,2,2,3,2,1,1,20,41326,0,3,1,5,1,7,78,74,0
1,2,1.0,2.0,1,1,1,2,1,1,200,41326,0,8,3,6,5,1,66,66,0
1,3,2.0,3.0,1,1,1,1,1,1,0,41326,0,1,2,6,7,3,51,81,0
1,36,1.0,1.0,2,1,1,1,1,1,0,41326,0,1,0,6,4,3,30,91,0
1,3,2.0,2.0,2,2,1,2,1,4,0,41326,0,5,4,6,5,3,51,51,0
2,2,1.0,3.0,1,2,2,2,1,3,0,41326,0,4,1,6,5,7,110,29,0
1,2,2.0,1.0,2,1,3,3,1,5,0,41326,0,1,0,6,5,2,81,81,0
2,2,1.0,0.0,2,2,2,2,1,2,0,41326,0,5,1,6,5,2,66,66,0
1,2,2.0,3.0,1,2,2,2,1,1,0,41325,5,7,3,6,4,8,84,51,6
2,12,3.0,1.0,1,2,2,2,1,4,0,41326,0,2,4,8,1,7,32,110,0
2,3,2.0,2.0,2,2,2,3,1,1,0,41401,0,9,1,6,5,7,45,74,1
2,1,1.0,2.0,1,2,1,2,1,1,0,41326,0,4,2,6,5,4,49,55,0
2,17,2.0,2.0,3,1,1,2,1,1,0,41326,0,4,1,6,4,7,9,45,0
2,3,3.0,3.0,2,1,1,2,1,6,0,41327,0,2,4,6,5,3,74,45,2
2,3,3.0,1.0,3,2,2,2,1,3,200,41326,0,1,3,6,8,3,45,78,0
1,24,1.0,2.0,1,3,3,1,1,1,0,41401,0,3,3,8,1,3,84,51,1
1,2,3.0,1.0,1,2,2,3,1,6,0,41326,0,4,4,5,8,1,51,51,0
2,9,2.0,2.0,1,2,2,2,1,2,0,41326,0,8,4,5,8,7,66,66,0
2,21,2.0,2.0,1,1,1,2,1,1,0,41326,0,2,3,6,5,8,110,110,0
2,1,3.0,1.0,2,2,2,2,1,2,0,41401,0,3,4,6,7,3,110,74,1
1,1,3.0,2.0,2,2,2,2,1,3,0,41401,0,1,4,6,5,3,51,51,1
2,3,3.0,2.0,2,2,1,2,1,2,0,41401,0,8,4,5,8,3,45,110,1
2,12,3.0,0.0,2,2,2,2,1,3,0,41326,0,5,4,5,1,2,110,9,0
2,1,3.0,2.0,1,2,2,2,1,4,0,41326,0,6,2,4,7,3,66,66,0
2,3,2.0,2.0,1,2,2,2,1,1,0,41326,0,1,3,1,7,3,74,110,0
1,1,2.0,2.0,1,2,2,2,1,1,0,41325,0,4,1,6,5,3,84,51,6
1,2,2.0,2.0,2,2,1,2,1,1,0,41326,0,8,2,5,8,1,84,51,0
2,0,3.0,2.0,1,3,3,3,1,7,0,41326,0,4,4,6,7,3,74,74,0
2,3,1.0,2.0,1,2,1,2,1,1,0,41401,0,0,4,5,4,8,110,110,1
2,2,3.0,0.0,1,2,2,3,1,2,1,41401,0,5,2,6,5,2,110,110,1
2,12,3.0,2.0,1,1,1,1,1,2,0,41401,0,3,2,6,8,3,110,110,1
2,1,3.0,2.0,1,2,2,3,1,3,0,41326,0,2,3,6,8,3,110,110,0
1,2,1.0,2.0,1,2,1,2,1,1,0,41326,0,1,2,6,5,3,51,104,0
1,72,2.0,2.0,3,3,3,2,2,1,0,41401,0,6,0,1,7,3,46,46,1
1,2,2.0,2.0,1,2,1,2,1,2,0,41326,0,5,3,6,5,1,83,51,0
2,1,1.0,2.0,1,2,1,2,1,2,0,41326,0,4,1,6,7,3,110,110,0
2,2,2.0,1.0,2,2,2,2,1,1,0,41326,0,0,4,6,5,7,55,110,0
2,12,2.0,2.0,2,2,1,1,1,2,0,41326,0,14,4,6,5,3,74,110,0
2,12,3.0,2.0,2,1,1,1,1,4,0,41336,0,5,2,6,5,1,78,74,3
2,1,3.0,0.0,3,2,2,2,1,2,0,41336,0,1,2,6,5,2,74,9,3
2,0,3.0,1.0,2,3,3,3,1,3,0,41401,0,1,1,6,5,8,123,74,1
1,2,3.0,2.0,1,2,2,2,1,5,150,41326,0,24,4,6,5,1,51,51,0
1,6,1.0,2.0,2,1,1,2,1,1,0,41326,0,4,4,6,5,3,51,87,0
1,7,1.0,2.0,1,1,1,3,1,1,0,41336,0,2,4,6,5,8,51,51,3
1,2,2.0,2.0,1,3,3,3,1,3,0,41327,0,1,4,5,1,3,51,84,2
2,2,1.0,1.0,1,3,1,2,1,1,0,41401,0,1,2,5,1,3,110,110,1
2,7,2.0,2.0,2,2,2,2,1,1,0,41336,0,3,0,1,7,3,9,70,3
2,2,3.0,1.0,2,2,2,2,1,5,0,41401,0,17,3,1,7,3,73,45,1
1,5,2.0,1.0,2,1,1,2,1,1,0,41326,0,2,2,6,5,3,66,66,0
2,2,2.0,2.0,2,2,2,2,1,1,0,41326,0,3,2,6,4,3,74,74,0
2,3,1.0,2.0,2,2,1,2,1,1,0,41326,0,5,2,6,5,7,74,55,0
2,60,2.0,2.0,2,2,2,2,1,3,0,41324,0,5,1,6,5,2,66,74,8
1,3,2.0,2.0,1,1,1,1,1,1,8,41401,0,5,0,6,5,1,59,51,1
1,1,2.0,2.0,2,2,1,2,1,1,0,41326,0,3,1,6,5,3,66,66,0
1,3,2.0,0.0,1,2,2,2,1,2,0,41326,0,2,4,6,5,2,51,51,0
2,10,2.0,3.0,3,2,2,2,1,1,0,41326,0,3,1,6,7,3,45,9,0
2,5,1.0,1.0,1,2,2,2,1,1,0,41326,0,7,2,4,8,1,110,55,0
2,5,2.0,3.0,1,2,2,2,1,1,0,41326,0,2,3,6,8,3,45,15,0
1,18,1.0,2.0,1,1,1,2,1,1,0,41327,0,4,4,5,1,3,25,51,2
1,0,3.0,1.0,1,2,2,2,1,8,0,41326,0,2,3,6,5,3,51,51,0
1,1,2.0,2.0,1,2,1,2,1,1,100,41326,0,6,3,6,5,3,68,51,0
1,4,2.0,2.0,1,3,1,3,1,4,0,41401,0,5,3,6,5,3,68,51,1
1,2,2.0,2.0,1,2,2,2,1,5,0,41327,0,9,2,6,5,3,51,51,2
2,2,2.0,2.0,3,2,1,2,1,1,50,41326,0,5,0,6,4,3,45,74,0
2,3,1.0,0.0,1,2,2,2,1,1,0,41326,0,5,3,4,8,2,110,74,0
1,6,3.0,2.0,2,3,3,3,1,5,0,41327,0,2,4,6,5,3,51,51,2
2,3,2.0,2.0,2,2,2,2,1,3,0,41401,0,3,1,6,5,4,9,62,1
2,60,2.0,2.0,2,1,1,1,1,1,0,41401,0,2,2,5,4,3,74,32,1
2,18,2.0,3.0,3,2,1,2,1,1,50,41326,0,5,3,5,7,3,66,66,0
1,24,2.0,0.0,1,1,1,2,1,1,0,41330,0,2,4,6,5,2,106,51,4
2,5,2.0,3.0,2,2,2,2,1,1,0,41326,0,1,3,6,8,3,55,110,0
2,2,2.0,1.0,2,3,3,3,1,1,0,41336,0,3,1,6,1,7,39,86,3
1,7,2.0,2.0,2,1,1,2,1,1,200,41326,2,4,1,6,5,3,106,6,0
2,3,2.0,2.0,1,2,2,2,1,2,0,41401,0,1,2,6,8,3,110,110,1
1,3,2.0,2.0,2,3,3,2,1,1,0,41326,0,9,3,6,5,3,68,51,0
2,4,1.0,2.0,1,1,1,2,1,1,0,41326,0,5,1,8,1,3,78,123,0
1,1,2.0,1.0,2,2,2,2,1,1,0,41335,0,6,1,6,8,3,66,66,9
1,2,1.0,2.0,1,1,1,2,1,1,0,41326,0,8,3,5,1,3,51,51,0
2,6,2.0,1.0,2,1,1,1,1,1,0,41326,0,4,2,6,8,3,66,66,0
1,1,3.0,1.0,1,2,2,3,1,6,0,41326,1,5,3,5,4,7,51,51,0
2,4,2.0,2.0,1,2,2,2,1,2,0,41336,0,0,4,6,5,7,74,74,3
2,2,1.0,2.0,2,2,1,2,1,1,0,41326,0,1,1,1,7,3,78,74,0
1,4,1.0,2.0,1,3,3,3,1,1,100,41326,0,5,3,6,5,4,68,68,0
2,5,1.0,2.0,1,1,1,1,1,1,0,41326,0,1,2,6,5,3,110,55,0
2,0,3.0,2.0,1,2,2,2,1,5,0,41401,0,1,2,6,5,3,66,66,1
2,12,1.0,2.0,1,1,1,1,1,1,0,41361,0,3,4,6,7,3,110,110,5
1,1,3.0,2.0,2,2,2,2,1,6,0,41330,0,6,3,6,5,1,51,51,4
2,2,3.0,1.0,1,1,1,2,1,2,0,41326,0,9,2,6,4,3,32,110,0
2,36,2.0,2.0,2,1,1,1,1,1,0,41326,1,2,2,6,8,3,32,93,0
1,1,3.0,1.0,2,2,2,2,1,5,0,41326,0,5,4,6,5,3,51,51,0
2,9,2.0,2.0,2,1,1,2,1,1,200,41326,0,3,4,6,7,3,5,55,0
1,1,1.0,2.0,1,2,2,3,1,2,0,41336,0,3,1,6,5,3,51,51,3
1,48,2.0,0.0,2,1,1,3,1,1,0,41326,0,3,1,6,5,2,68,51,0
1,3,2.0,2.0,2,2,1,2,1,1,0,41326,0,9,3,6,1,3,72,51,0
1,5,1.0,2.0,2,1,1,2,1,1,0,41330,0,5,1,6,5,3,51,68,4
2,30,2.0,2.0,1,1,1,1,1,1,0,41401,0,2,3,4,8,2,66,66,1
2,3,2.0,1.0,2,2,2,2,1,4,0,41326,0,6,2,8,1,2,74,55,0
1,60,1.0,3.0,1,3,3,1,1,1,0,41326,0,5,3,6,5,3,104,84,0
1,3,2.0,2.0,2,3,3,3,1,1,0,41326,0,1,3,4,1,3,66,66,0
2,6,2.0,2.0,1,3,3,3,1,2,0,41325,0,3,4,6,8,3,32,32,6
2,5,3.0,2.0,2,1,1,3,1,3,0,41401,0,6,3,6,7,3,103,45,1
1,1,1.0,1.0,2,1,1,2,1,3,100,41326,1,9,1,5,1,3,46,51,0
2,3,3.0,2.0,2,2,2,2,1,2,0,41326,0,5,4,6,1,7,66,66,0
1,3,2.0,2.0,2,1,1,2,1,1,0,41326,0,1,2,6,5,3,51,51,0
1,1,3.0,2.0,2,2,2,2,1,4,0,41326,0,2,1,6,1,3,83,46,0
2,1,3.0,1.0,2,2,2,2,1,3,0,41326,0,5,1,6,5,3,45,110,0
2,8,3.0,2.0,1,1,1,1,1,3,0,41401,0,3,4,5,7,3,74,110,1
1,36,2.0,2.0,2,1,1,1,1,1,0,41326,0,1,4,6,5,1,51,51,0
2,24,1.0,3.0,3,3,1,2,1,1,50,41326,0,4,1,6,5,4,45,74,0
1,1,1.0,2.0,2,2,1,2,1,1,80,41326,2,10,0,6,5,3,66,66,0
2,1,2.0,2.0,1,2,2,2,1,1,0,41326,0,8,1,4,8,1,110,74,0
2,7,2.0,3.0,1,3,3,3,1,1,0,41401,0,2,2,6,5,8,32,110,1
2,2,2.0,2.0,2,1,2,2,1,1,50,41326,0,2,4,6,5,8,93,74,0
2,2,1.0,1.0,1,2,2,2,1,1,0,41401,0,3,0,5,1,3,78,123,1
1,2,3.0,1.0,2,1,1,3,1,2,0,41326,0,5,4,6,5,3,51,51,0
1,1,2.0,2.0,2,1,1,2,1,1,0,41330,0,5,2,6,5,3,51,51,4
2,2,2.0,1.0,1,2,2,2,1,1,0,41401,0,4,1,6,5,8,93,26,1
1,1,3.0,0.0,1,2,2,2,1,7,0,41336,0,3,3,6,5,2,51,51,3
2,5,2.0,1.0,1,2,2,2,1,1,0,41401,0,3,3,6,8,3,110,110,1
1,5,3.0,2.0,1,1,1,2,1,2,0,41326,0,5,4,6,1,3,51,51,0
2,4,1.0,2.0,1,1,1,2,1,1,0,41401,0,13,3,5,7,3,55,110,1
2,4,2.0,0.0,1,2,1,2,1,1,0,41401,0,1,2,5,7,2,119,110,1
1,48,1.0,2.0,2,2,3,2,1,1,0,41401,0,1,4,5,4,8,51,51,1
2,12,3.0,1.0,1,2,2,2,1,3,0,41326,0,14,2,6,5,8,110,110,0
1,4,3.0,2.0,1,2,2,2,1,5,0,41326,0,6,3,5,1,3,51,51,0
2,6,3.0,2.0,1,2,2,3,1,4,14,41326,0,5,4,5,4,3,17,110,0
2,12,2.0,2.0,1,3,1,1,1,1,0,41327,0,2,4,6,4,2,47,89,2
1,2,3.0,2.0,3,2,2,2,1,2,0,41330,0,2,1,6,5,4,51,83,4
1,5,2.0,2.0,2,1,1,1,1,1,0,41326,0,3,4,6,5,3,51,21,0
2,2,2.0,2.0,3,2,1,2,1,1,100,41326,0,5,1,6,5,1,9,45,0
1,1,3.0,2.0,1,2,2,2,1,5,0,41326,0,11,3,6,5,3,51,51,0
1,10,2.0,2.0,1,2,2,2,1,1,0,41326,0,3,4,6,5,3,51,51,0
1,3,3.0,2.0,1,2,2,2,1,4,0,41326,0,4,4,6,5,3,51,21,0
2,1,3.0,1.0,2,2,1,2,1,3,150,41326,0,8,1,6,7,3,74,9,0
2,1,2.0,2.0,1,2,2,2,1,1,0,41326,0,3,1,6,5,7,110,74,0
2,5,2.0,2.0,2,2,2,2,1,1,0,41401,0,1,4,4,7,3,32,74,1
1,2,3.0,3.0,2,2,2,2,1,4,0,41326,0,1,2,5,8,1,51,51,0
2,1,2.0,2.0,2,2,2,2,1,1,0,41327,0,3,3,6,8,3,66,66,2
2,2,3.0,1.0,1,2,1,2,1,5,0,41326,0,14,2,6,5,3,110,74,0
2,3,3.0,2.0,2,3,3,3,1,6,0,41401,0,4,4,6,7,3,110,110,1
2,5,2.0,2.0,1,2,1,2,1,1,0,41401,0,2,2,8,7,3,107,110,1
1,2,3.0,2.0,2,2,2,2,1,6,0,41326,0,5,4,5,1,3,68,77,0
2,4,2.0,0.0,2,2,2,2,1,1,0,41326,0,2,1,6,4,2,32,74,0
1,4,3.0,2.0,2,2,2,2,1,4,0,41326,0,3,4,5,8,3,51,51,0
1,2,2.0,2.0,1,1,1,2,1,1,0,41326,0,3,3,6,5,3,104,51,0
2,12,1.0,3.0,1,2,2,2,1,1,0,41401,0,5,2,5,1,3,66,66,1
1,1,3.0,2.0,2,2,2,2,1,9,100,41335,0,5,2,6,5,3,88,96,9
1,10,2.0,2.0,2,1,1,1,1,1,0,41326,0,0,4,6,5,3,51,21,0
2,60,3.0,3.0,3,1,1,1,1,2,0,41326,0,2,2,6,7,3,45,45,0
1,12,1.0,0.0,2,3,3,3,1,1,0,41401,0,2,2,6,5,2,51,83,1
1,1,3.0,0.0,2,2,1,2,1,4,0,41401,0,5,4,6,5,2,51,51,1
1,2,1.0,2.0,2,1,1,2,1,1,0,41326,0,5,2,6,5,3,51,51,0
1,1,3.0,0.0,2,1,1,2,1,4,0,41326,0,11,3,5,1,2,51,51,0
1,1,3.0,2.0,2,2,2,2,1,4,250,41401,0,3,2,6,5,1,83,44,1
2,1,2.0,1.0,1,2,2,2,1,1,0,41401,0,5,1,6,5,3,74,110,1
2,2,3.0,1.0,1,2,2,2,1,4,0,41336,0,2,0,5,7,3,110,62,3
2,2,3.0,1.0,1,2,2,2,1,3,0,41401,3,4,2,5,4,3,110,110,1
2,2,2.0,2.0,1,2,1,2,1,1,0,41326,0,3,3,6,8,3,110,32,0
2,3,3.0,2.0,2,2,1,3,2,2,0,41401,0,3,4,6,7,3,62,62,1
2,1,3.0,2.0,2,1,1,3,1,4,0,41401,0,4,3,6,7,2,66,45,1
2,2,3.0,1.0,1,2,1,2,1,5,0,41332,0,7,4,6,8,3,110,110,7
1,4,1.0,0.0,1,2,1,2,1,1,0,41327,0,2,4,6,5,2,51,51,2
1,72,2.0,2.0,2,1,1,1,1,1,0,41326,0,1,3,6,5,4,104,51,0
2,4,3.0,2.0,2,2,2,2,1,5,0,41401,0,3,3,4,7,3,74,62,1
1,2,2.0,3.0,2,1,1,2,1,1,0,41326,0,19,3,6,4,1,84,51,0
2,7,2.0,2.0,2,1,1,1,1,1,100,41326,0,4,0,5,1,7,93,110,0
1,3,1.0,0.0,2,1,1,2,1,1,0,41326,0,2,2,6,7,2,51,51,0
1,1,3.0,3.0,1,2,2,2,2,6,0,41326,0,3,4,5,1,3,51,51,0
2,48,2.0,2.0,1,1,1,1,1,1,0,41326,0,9,2,6,5,3,110,55,0
1,1,2.0,2.0,1,2,2,2,1,1,100,41326,0,4,3,6,5,3,51,51,0
1,2,2.0,2.0,1,2,2,2,1,2,0,41327,0,4,1,6,5,3,51,51,2
2,36,2.0,2.0,1,1,1,1,1,1,0,41326,0,5,2,6,4,3,110,93,0
2,24,2.0,2.0,1,1,1,1,1,1,160,41326,0,1,4,6,5,2,110,55,0
2,3,2.0,2.0,1,2,2,2,1,1,0,41327,0,4,2,4,1,3,110,110,2
2,1,3.0,2.0,1,2,1,2,1,3,0,41401,0,26,3,6,5,7,66,66,1
1,1,3.0,2.0,2,2,2,2,1,6,50,41401,0,5,2,6,5,8,51,6,1
2,6,2.0,1.0,3,1,1,2,1,2,750,41401,0,4,2,4,7,3,9,45,1
2,2,3.0,1.0,2,3,3,3,1,4,0,41326,0,4,4,6,7,3,69,69,0
2,3,3.0,1.0,2,2,2,2,1,3,0,41326,0,5,3,6,5,7,110,110,0
1,0,3.0,2.0,2,2,2,2,1,7,0,41401,0,1,4,6,5,8,51,51,1
1,1,3.0,2.0,1,2,2,2,1,2,0,41327,0,1,2,6,5,3,51,51,2
1,4,1.0,2.0,2,1,1,2,1,1,0,41326,0,5,3,6,5,8,66,66,0
2,2,3.0,2.0,1,2,2,2,1,2,0,41326,0,4,1,6,4,3,66,66,0
2,1,3.0,2.0,1,2,2,2,1,4,30,41326,0,15,2,6,8,3,32,110,0
2,7,2.0,2.0,1,1,1,2,1,1,0,41326,0,11,1,6,8,3,32,93,0
2,4,3.0,0.0,1,2,2,2,1,4,0,41326,0,5,4,6,5,2,110,110,0
1,3,1.0,3.0,1,1,1,2,1,2,0,41326,0,12,4,6,5,3,51,105,0
2,1,3.0,2.0,1,2,2,2,1,3,0,41326,0,3,1,6,7,3,110,110,0
2,60,1.0,3.0,2,1,1,1,1,2,0,41401,0,1,4,6,7,3,123,55,1
1,3,3.0,2.0,1,1,1,2,1,2,200,41326,0,2,4,6,5,3,51,87,0
1,8,1.0,0.0,1,1,1,1,1,2,50,41326,0,5,4,6,5,2,51,51,0
2,0,3.0,2.0,2,1,1,1,1,3,0,41325,0,3,0,6,8,1,74,78,6
2,3,3.0,1.0,1,2,2,2,1,3,0,41326,0,5,4,6,5,7,110,110,0
2,0,3.0,2.0,1,2,2,2,1,4,10,41326,0,0,4,4,7,3,119,110,0
2,13,2.0,2.0,1,1,1,2,1,1,50,41326,0,3,4,6,5,4,93,110,0
1,36,2.0,3.0,2,1,1,1,1,1,0,41326,0,14,4,6,5,2,68,72,0
1,96,2.0,0.0,2,1,1,1,1,1,0,41401,0,3,4,5,4,2,51,51,1
2,8,2.0,0.0,2,2,2,1,1,1,0,41326,0,1,2,6,7,2,110,55,0
2,3,2.0,1.0,2,2,1,1,1,3,0,41336,0,9,4,6,7,3,66,66,3
2,4,3.0,2.0,2,3,3,3,2,8,0,41326,0,5,3,6,5,3,45,110,0
1,5,3.0,2.0,1,2,2,3,1,2,0,41326,0,2,2,6,5,3,51,51,0
2,24,3.0,2.0,1,2,1,2,1,2,0,41401,0,7,1,6,5,4,32,55,1
2,7,1.0,3.0,3,1,1,2,1,1,200,41401,0,3,1,6,5,7,9,45,1
1,9,2.0,1.0,3,1,1,2,1,1,300,41326,0,3,2,6,1,3,37,100,0
2,1,3.0,2.0,1,2,2,2,1,2,0,41401,0,14,4,5,4,7,66,66,1
2,5,2.0,2.0,2,2,1,2,1,1,0,41326,0,3,1,5,7,3,123,78,0
1,84,1.0,1.0,1,1,1,2,1,2,0,41326,0,11,2,6,5,3,111,46,0
1,9,2.0,0.0,2,1,1,1,1,1,200,41336,0,14,3,6,4,2,25,68,3
1,12,1.0,2.0,2,1,1,1,1,1,150,41327,0,5,3,6,5,3,66,66,2
2,4,3.0,2.0,2,1,1,2,1,2,0,41327,0,4,3,8,1,7,78,110,2
2,2,3.0,2.0,1,2,2,2,1,3,0,41326,0,1,3,6,5,4,110,110,0
2,8,1.0,3.0,1,2,1,2,1,1,50,41326,0,5,2,4,8,3,45,110,0
1,2,2.0,2.0,2,1,1,2,1,1,0,41326,0,3,1,6,5,4,51,51,0
1,36,2.0,2.0,1,1,1,1,1,1,0,41326,0,5,4,6,5,3,59,51,0
2,3,1.0,1.0,2,2,2,1,1,1,0,41401,0,5,3,8,1,3,74,55,1
1,1,2.0,2.0,1,2,1,2,1,6,15,41326,1,29,3,5,7,3,51,51,0
1,2,1.0,2.0,2,2,1,2,1,1,50,41326,0,5,1,6,5,1,66,66,0
2,1,2.0,2.0,2,2,1,2,1,1,0,41326,0,5,1,6,7,3,74,55,0
2,3,2.0,2.0,3,2,2,2,1,1,0,41326,0,1,2,6,5,8,70,93,0
1,2,1.0,2.0,2,2,2,2,1,1,0,41326,0,1,3,5,4,1,51,51,0
2,2,2.0,2.0,2,1,1,2,1,1,10,41401,0,3,4,6,5,3,74,45,1
1,2,1.0,2.0,1,2,2,2,1,1,0,41326,0,7,3,6,5,3,51,83,0
2,1,3.0,3.0,3,1,1,2,1,3,300,41326,0,1,1,6,5,4,70,9,0
1,4,2.0,2.0,1,2,2,2,1,1,0,41401,0,1,2,6,5,2,51,51,1
2,7,1.0,1.0,1,2,1,1,1,1,0,41336,0,1,3,6,5,4,66,66,3
1,2,2.0,2.0,1,2,2,2,1,3,0,41401,0,6,3,6,5,3,51,51,1
1,1,3.0,3.0,1,1,1,2,1,7,0,41326,5,30,3,6,5,4,51,51,0
2,3,1.0,2.0,1,1,1,2,1,1,0,41326,0,8,3,6,7,3,110,55,0
2,3,1.0,1.0,2,2,2,2,1,3,0,41330,0,6,4,6,5,3,110,9,4
2,3,1.0,1.0,2,2,1,2,1,2,0,41327,0,2,2,6,7,3,74,110,2
1,2,3.0,2.0,2,2,2,2,1,3,50,41326,0,9,4,6,5,3,51,51,0
1,3,2.0,2.0,1,2,2,2,1,1,0,41326,0,4,4,6,5,8,51,1,0
1,1,3.0,2.0,2,1,1,2,1,7,200,41326,0,11,4,6,5,3,114,84,0
2,4,2.0,2.0,2,1,1,2,1,1,0,41326,1,7,2,5,1,7,93,74,0
1,1,3.0,2.0,1,2,1,2,1,3,0,41326,2,28,3,6,1,3,51,51,0
1,3,2.0,1.0,1,3,3,3,1,1,0,41401,0,1,4,6,5,4,51,51,1
1,2,1.0,0.0,1,2,2,3,1,2,0,41326,0,5,3,6,5,2,51,51,0
2,1,2.0,0.0,1,2,1,2,2,1,0,41401,0,16,1,6,5,2,110,55,1
1,36,2.0,2.0,3,1,1,1,1,1,0,41326,0,3,3,5,4,1,83,83,0
1,3,2.0,2.0,2,2,1,1,1,1,150,41401,0,3,0,6,5,3,25,83,1
2,1,3.0,1.0,1,2,2,2,1,5,0,41401,0,5,1,6,7,3,110,110,1
2,12,2.0,3.0,2,1,1,2,1,2,0,41326,0,2,3,5,1,3,110,78,0
1,2,3.0,2.0,1,2,2,2,1,3,0,41401,0,3,2,6,5,3,66,66,1
2,73,2.0,2.0,3,1,1,1,1,1,400,41326,0,3,3,5,1,3,9,9,0
2,29,2.0,0.0,3,2,1,1,1,1,160,41326,2,19,3,4,8,2,9,45,0
2,2,3.0,1.0,1,2,2,2,1,2,0,41326,0,6,2,5,1,7,110,110,0
1,7,1.0,2.0,1,1,1,3,1,1,0,41336,0,2,4,6,5,8,51,51,3
2,2,3.0,2.0,2,2,1,2,1,3,0,41326,0,5,2,6,1,3,74,55,0
2,5,2.0,2.0,1,2,2,2,1,1,0,41401,0,1,4,6,5,3,9,62,1
1,24,1.0,2.0,3,1,1,1,1,1,0,41326,0,7,2,8,1,3,114,51,0
1,2,2.0,2.0,1,1,2,2,1,1,0,41401,0,1,1,5,8,3,51,51,1
2,5,3.0,1.0,1,1,1,2,1,4,0,41401,0,5,1,6,5,3,110,78,1
1,0,3.0,0.0,1,3,3,3,1,2,0,41326,0,4,1,6,5,2,51,51,0
1,64,2.0,2.0,2,2,1,2,1,1,0,41401,0,3,3,6,5,3,51,90,1
2,8,3.0,3.0,3,3,3,3,1,6,100,41326,0,0,1,5,8,1,45,74,0
1,1,3.0,2.0,1,2,2,2,1,5,0,41401,0,5,2,5,1,3,51,51,1
1,12,2.0,0.0,2,1,1,1,1,1,0,41401,1,2,0,5,8,2,66,51,1
1,2,1.0,2.0,1,3,3,3,1,4,0,41401,0,1,1,8,1,3,51,84,1
1,24,2.0,2.0,1,1,1,1,1,2,0,41326,8,30,4,6,5,1,51,51,0
1,2,2.0,2.0,1,1,1,2,1,1,0,41326,0,5,2,6,8,3,51,51,0
2,3,2.0,2.0,2,2,1,2,1,1,0,41326,0,4,1,6,5,2,66,32,0
2,4,3.0,2.0,2,2,2,2,1,6,0,41326,0,12,2,6,5,7,9,110,0
2,3,1.0,2.0,2,2,2,2,1,1,80,41326,0,5,1,6,7,3,45,110,0
2,1,2.0,1.0,2,2,1,2,1,1,50,41326,0,5,0,6,4,3,74,110,0
1,29,1.0,1.0,2,1,1,2,1,1,0,41336,0,1,4,6,5,7,46,92,3
2,2,1.0,1.0,1,2,2,2,2,1,0,41326,0,3,3,6,5,1,110,110,0
2,11,1.0,3.0,1,1,3,3,1,1,0,41326,0,0,4,6,5,4,66,66,0
2,36,2.0,2.0,1,2,1,2,1,2,0,41326,0,5,4,6,5,8,66,66,0
1,12,1.0,1.0,3,1,1,1,1,1,300,41401,0,5,4,6,5,3,46,46,1
2,2,3.0,1.0,1,2,2,2,1,2,0,41326,0,3,3,5,4,7,66,66,0
2,9,2.0,2.0,2,2,2,2,1,1,0,41326,0,1,2,6,5,7,62,9,0
2,6,2.0,1.0,2,1,1,1,1,4,30,41326,0,4,4,6,7,3,110,74,0
1,2,2.0,2.0,1,2,1,2,1,1,0,41401,0,3,1,6,8,3,51,72,1
1,5,2.0,2.0,2,1,1,2,1,1,0,41326,0,2,1,6,5,7,83,46,0
2,3,2.0,1.0,1,2,1,2,1,1,0,41401,0,5,0,6,8,3,110,110,1
2,1,2.0,2.0,2,1,1,2,1,1,0,41401,0,7,3,6,7,3,66,66,1
2,1,2.0,3.0,3,2,1,2,1,1,100,41401,2,5,2,6,5,4,9,60,1
1,1,3.0,0.0,1,2,2,2,1,8,0,41401,0,3,2,6,5,2,66,66,1
2,2,3.0,1.0,2,2,2,2,1,4,0,41401,0,27,0,5,1,3,78,74,1
1,4,1.0,1.0,1,1,1,2,1,3,0,41401,2,7,1,6,5,1,51,51,1
1,2,3.0,2.0,1,2,1,2,1,8,0,41326,0,9,2,6,5,3,83,51,0
2,5,2.0,2.0,1,1,1,2,1,1,0,41326,1,6,2,4,7,3,80,93,0
2,3,2.0,2.0,2,1,1,2,1,3,0,41326,0,5,4,6,1,3,66,66,0
2,3,3.0,2.0,2,2,2,2,1,4,0,41401,0,5,2,8,1,3,45,110,1
2,3,1.0,2.0,1,2,2,2,1,1,0,41326,0,3,0,4,1,3,62,119,0
2,4,2.0,0.0,2,1,1,1,1,1,30,41326,0,5,2,6,8,2,74,110,0
1,8,2.0,2.0,2,1,1,1,1,1,0,41330,0,5,4,6,8,3,51,112,4
2,2,3.0,2.0,1,2,2,2,1,5,0,41326,0,8,2,6,4,3,66,66,0
1,13,1.0,3.0,2,1,1,2,1,1,0,41326,0,3,2,6,5,3,120,114,0
1,1,3.0,2.0,2,3,3,3,1,5,0,41326,0,11,1,6,5,3,66,66,0
2,1,3.0,1.0,1,2,2,2,1,3,0,41326,0,1,2,6,8,3,110,110,0
2,1,3.0,2.0,1,2,2,2,1,6,0,41401,0,11,3,6,7,3,78,110,1
2,2,2.0,2.0,3,2,2,2,1,1,0,41326,0,13,3,5,7,3,66,66,0
2,0,2.0,1.0,1,2,2,2,1,1,0,41326,0,4,4,6,1,3,119,119,0
2,72,3.0,2.0,2,1,1,1,1,2,0,41326,0,2,1,5,4,3,66,66,0
2,3,2.0,2.0,2,2,1,2,1,3,100,41326,0,3,4,6,5,3,110,110,0
2,4,2.0,2.0,2,2,2,2,1,1,0,41401,0,11,3,6,4,3,110,110,1
1,1,3.0,2.0,2,2,2,2,1,6,0,41330,0,2,3,5,4,8,51,51,4
1,3,1.0,2.0,2,1,1,2,2,1,200,41330,0,3,4,5,1,3,36,51,4
2,65,3.0,2.0,2,3,3,3,1,20,50,41326,0,4,2,4,8,3,74,110,0
2,14,3.0,1.0,1,3,1,1,1,5,100,41326,0,4,4,6,4,7,78,9,0
1,1,2.0,0.0,1,2,1,2,1,1,0,41336,0,2,2,6,5,2,51,51,3
1,7,1.0,2.0,2,1,1,1,1,1,0,41401,0,5,2,6,8,3,106,106,1
1,1,1.0,2.0,1,2,1,2,1,2,0,41326,0,4,2,6,5,3,51,51,0
2,24,2.0,2.0,3,3,3,3,1,6,0,41326,0,4,4,6,8,3,74,45,0
1,18,2.0,2.0,1,1,2,3,1,1,200,41326,0,3,1,6,5,2,66,104,0
2,1,3.0,1.0,1,2,2,2,1,6,0,41401,0,4,1,5,4,3,110,110,1
1,4,1.0,2.0,1,3,1,2,1,1,0,41330,1,11,1,6,1,3,1,81,4
1,2,1.0,2.0,2,2,1,2,1,1,0,41326,0,4,2,6,5,3,66,66,0
2,1,3.0,1.0,2,2,2,2,1,2,0,41326,0,16,1,6,7,3,74,110,0
1,2,2.0,2.0,2,2,2,2,1,3,0,41326,0,3,3,6,5,1,51,51,0
2,4,2.0,2.0,1,1,1,2,1,1,0,41326,0,14,1,6,4,2,110,86,0
1,4,1.0,2.0,1,1,1,2,1,1,0,41326,0,2,3,5,1,3,51,51,0
2,4,2.0,0.0,3,2,1,2,1,2,200,41326,0,9,3,6,7,2,45,78,0
1,2,2.0,2.0,2,2,1,2,1,1,0,41326,0,2,1,6,5,3,51,51,0
2,1,3.0,1.0,2,2,2,2,1,5,0,41326,0,7,2,6,7,3,110,74,0
1,12,2.0,1.0,1,3,3,1,1,1,0,41326,0,1,3,6,5,3,42,51,0
2,2,2.0,1.0,2,2,2,2,1,1,0,41401,0,0,4,5,1,3,107,45,1
2,11,2.0,1.0,1,1,1,1,1,1,0,41401,0,1,3,6,7,3,110,110,1
1,36,2.0,0.0,3,1,1,1,1,1,0,41326,0,2,0,6,7,2,83,51,0
1,3,3.0,2.0,2,2,2,2,2,4,0,41326,0,5,2,6,5,7,51,51,0
2,3,2.0,2.0,2,1,1,2,1,2,150,41326,0,20,4,6,5,2,45,74,0
2,1,1.0,2.0,3,2,2,2,1,3,0,41326,0,5,2,6,5,3,45,110,0
1,4,1.0,2.0,1,1,1,2,1,1,0,41326,0,7,2,4,8,3,84,51,0
2,1,3.0,2.0,2,2,2,2,1,2,0,41326,0,2,1,6,7,2,66,110,0
2,14,1.0,3.0,2,1,1,1,1,1,10,41326,0,1,4,6,5,3,74,69,0
1,9,2.0,2.0,1,2,1,1,1,1,0,41401,0,2,4,6,8,3,105,51,1
1,3,3.0,2.0,1,3,3,2,1,4,0,41401,0,2,1,6,5,3,77,81,1
2,5,3.0,2.0,1,2,2,1,1,3,0,41326,0,3,4,8,7,3,110,110,0
2,2,1.0,2.0,2,1,1,2,1,1,0,41327,0,7,1,6,5,7,74,55,2
1,1,3.0,2.0,2,2,2,1,1,5,0,41326,0,12,4,5,1,3,51,51,0
1,2,2.0,2.0,1,3,1,1,1,1,0,41326,0,3,4,5,4,1,51,51,0
2,2,2.0,2.0,1,2,1,2,1,1,0,41401,0,6,1,6,5,7,55,110,1
1,24,1.0,2.0,2,3,3,3,1,2,0,41401,0,4,4,6,5,4,51,51,1
1,2,3.0,2.0,2,2,2,2,1,4,0,41326,0,8,2,5,1,3,51,84,0
2,7,2.0,2.0,2,2,3,1,1,1,0,41326,0,2,4,4,7,2,66,9,0
2,7,2.0,2.0,2,2,2,2,1,1,0,41326,0,3,4,6,4,7,78,9,0
1,30,2.0,3.0,3,1,1,1,1,1,0,41401,0,6,0,6,4,1,120,114,1
2,10,2.0,2.0,1,2,1,2,1,1,0,41326,0,1,4,6,7,3,110,55,0
2,12,3.0,2.0,1,1,1,1,1,2,0,41336,0,4,4,6,8,3,110,119,3
2,7,2.0,2.0,1,1,1,2,1,1,0,41326,0,7,2,6,8,3,32,93,0
2,3,1.0,1.0,2,2,1,2,1,1,0,41326,0,5,1,4,8,1,66,66,0
2,1,3.0,2.0,2,2,2,2,1,2,0,41336,0,1,0,5,1,3,78,74,3
1,3,2.0,2.0,2,2,1,2,1,1,100,41326,0,10,2,6,5,2,51,51,0
2,12,1.0,2.0,2,3,1,2,1,1,100,41326,0,4,3,6,4,3,78,70,0
2,1,1.0,2.0,1,2,1,2,1,1,50,41326,0,5,1,6,5,7,55,110,0
2,3,2.0,0.0,2,1,1,2,1,1,0,41401,0,10,1,6,5,2,74,55,1
2,2,3.0,2.0,2,2,1,2,1,3,0,41330,0,11,1,6,5,3,110,78,4
2,2,2.0,1.0,1,2,1,2,1,1,0,41401,0,4,2,5,1,3,78,55,1
2,2,3.0,0.0,1,2,1,2,1,2,0,41326,1,2,1,6,7,2,66,66,0
2,9,2.0,2.0,2,1,1,1,1,1,0,41326,0,3,0,6,7,3,9,74,0
1,1,2.0,1.0,1,3,3,3,1,2,0,41326,0,5,1,6,5,4,66,66,0
1,3,1.0,2.0,1,1,1,1,1,1,0,41326,0,4,4,6,1,3,66,66,0
1,24,2.0,2.0,1,1,1,1,1,1,0,41326,0,6,4,5,8,3,66,66,0
2,2,3.0,2.0,2,2,2,2,1,2,0,41401,0,4,1,6,5,3,74,74,1
2,4,2.0,0.0,1,1,1,1,1,1,50,41326,0,9,2,6,5,2,32,110,0
2,2,1.0,2.0,1,2,1,2,1,1,8,41326,0,10,3,6,4,7,69,62,0
2,0,3.0,3.0,2,2,2,2,1,6,50,41326,0,4,2,6,4,3,45,110,0
2,4,2.0,1.0,1,2,1,2,1,1,0,41401,0,1,1,6,1,7,78,110,1
2,1,2.0,1.0,1,3,3,3,1,1,0,41326,0,4,4,5,4,1,110,74,0
2,6,1.0,2.0,3,3,3,2,1,1,150,41326,0,1,1,5,8,1,45,70,0
2,36,2.0,2.0,1,1,1,1,1,1,0,41326,0,5,2,5,1,7,66,66,0
2,28,1.0,2.0,1,1,1,1,1,1,0,41327,0,7,0,6,7,3,110,110,2
2,2,2.0,2.0,2,2,2,2,1,2,0,41401,0,2,1,6,5,8,110,110,1
2,3,3.0,1.0,1,2,1,2,1,4,0,41326,0,4,4,6,4,3,66,66,0
1,2,2.0,2.0,2,3,3,2,1,1,0,41326,0,3,3,6,5,3,83,51,0
1,2,1.0,1.0,1,2,2,2,1,1,0,41326,0,1,3,6,5,1,51,51,0
2,9,2.0,2.0,2,2,2,2,1,1,0,41326,0,2,0,6,5,8,9,62,0
2,21,2.0,2.0,2,1,1,1,1,1,0,41326,1,1,2,6,5,3,32,74,0
1,24,2.0,0.0,2,1,2,1,1,1,50,41327,0,2,2,6,1,2,57,51,2
1,14,1.0,2.0,2,1,1,1,1,1,0,41326,0,4,0,6,4,3,68,44,0
2,12,1.0,0.0,2,3,3,3,2,1,0,41401,0,3,2,6,5,2,74,55,1
2,2,2.0,2.0,2,3,3,3,1,1,20,41326,0,3,1,6,5,7,62,24,0
2,12,1.0,2.0,2,3,3,3,1,1,0,41401,0,1,4,6,7,3,24,24,1
1,2,2.0,1.0,2,1,1,2,1,1,0,41401,0,4,2,6,5,3,83,104,1
2,2,2.0,3.0,3,2,2,2,1,1,0,41326,0,1,1,6,4,3,93,45,0
1,1,3.0,2.0,1,2,2,2,1,6,0,41326,0,6,3,6,5,1,51,111,0
2,4,2.0,2.0,2,1,3,2,1,1,0,41326,0,3,0,6,1,3,78,74,0
2,2,3.0,3.0,2,2,1,2,1,3,0,41401,0,4,4,6,7,3,32,119,1
1,4,3.0,1.0,1,3,3,3,1,5,0,41326,0,8,4,5,4,3,51,51,0
1,2,3.0,2.0,2,2,2,2,1,9,0,41330,0,9,4,6,5,3,51,51,4
2,2,1.0,2.0,2,1,1,2,1,2,100,41326,0,7,3,6,5,3,74,110,0
1,48,2.0,2.0,2,1,1,1,1,1,0,41326,0,3,1,6,1,7,91,51,0
2,6,2.0,2.0,3,2,2,2,1,1,0,41326,0,5,2,6,5,3,45,32,0
2,1,2.0,0.0,1,2,1,2,1,1,0,41326,0,3,2,6,8,2,110,32,0
1,36,3.0,2.0,2,2,2,1,1,3,0,41401,0,6,4,6,5,3,51,51,1
2,0,3.0,1.0,2,1,1,2,1,4,0,41326,0,0,3,5,4,3,110,110,0
1,2,2.0,2.0,2,1,1,3,1,2,0,41327,0,1,3,6,5,1,40,51,2
2,6,2.0,2.0,2,1,1,1,1,3,135,41326,0,14,2,5,1,2,66,66,0
2,1,3.0,2.0,1,2,1,3,1,5,0,41326,0,5,4,6,7,3,110,110,0
2,10,1.0,0.0,2,1,1,1,1,2,0,41401,1,7,4,6,4,2,55,110,1
2,3,2.0,2.0,2,2,2,2,1,1,50,41326,0,5,2,6,4,3,66,66,0
1,72,1.0,2.0,3,1,1,1,1,1,0,41326,0,5,1,5,4,8,106,68,0
2,1,3.0,1.0,2,2,2,2,1,3,0,41332,0,5,4,6,1,3,74,110,7
1,1,3.0,2.0,2,2,2,2,1,9,0,41330,0,11,4,5,4,7,51,51,4
1,3,2.0,2.0,2,3,3,3,1,2,0,41326,0,24,1,5,8,3,52,51,0
2,1,3.0,1.0,2,2,2,3,1,4,0,41326,0,0,1,6,7,3,110,9,0
2,1,3.0,2.0,1,2,1,2,1,3,0,41401,0,11,1,6,4,7,110,110,1
1,48,2.0,2.0,1,1,1,1,1,1,0,41326,0,2,1,6,5,3,104,104,0
2,24,1.0,3.0,2,3,3,3,1,1,0,41401,0,4,0,6,1,3,74,107,1
2,20,2.0,3.0,2,2,2,1,1,1,0,41326,0,4,4,6,7,3,110,119,0
2,1,2.0,1.0,1,2,2,2,1,3,0,41336,0,4,3,6,7,2,110,78,3
2,5,1.0,2.0,1,2,2,2,1,2,0,41401,0,2,4,6,5,3,66,66,1
1,1,3.0,2.0,2,2,2,2,2,6,0,41401,0,9,1,6,5,1,51,51,1
1,3,2.0,2.0,2,2,2,2,1,6,0,41326,0,4,4,6,5,2,51,51,0
1,2,3.0,3.0,1,2,2,2,1,6,0,41326,1,5,1,6,5,3,51,51,0
1,2,3.0,2.0,1,2,2,2,1,6,0,41326,0,5,4,6,5,3,51,51,0
1,1,2.0,2.0,2,1,1,2,1,1,0,41326,0,2,1,6,5,2,66,66,0
1,1,1.0,2.0,1,2,1,2,1,3,0,41401,0,4,3,6,5,3,51,51,1
2,2,3.0,2.0,2,2,1,2,1,3,0,41332,0,8,2,6,7,3,74,110,7
2,1,3.0,2.0,1,2,1,3,1,5,0,41326,0,1,4,6,7,3,110,110,0
2,4,3.0,2.0,2,2,1,2,1,2,0,41326,0,5,3,6,7,3,110,110,0
1,8,3.0,0.0,1,1,1,3,1,8,0,41326,0,14,4,6,5,2,66,66,0
1,1,3.0,2.0,1,2,1,2,1,5,0,41326,0,5,2,6,5,1,84,51,0
1,2,3.0,2.0,1,2,2,2,1,3,0,41326,0,0,4,6,1,3,51,51,0
1,1,3.0,1.0,1,2,2,2,1,5,0,41401,0,1,2,6,5,4,51,51,1
1,36,2.0,1.0,1,1,1,1,1,1,0,41326,0,5,4,6,5,3,66,66,0
2,1,3.0,1.0,2,2,2,2,1,2,0,41401,0,2,3,6,8,3,110,74,1
1,21,2.0,2.0,1,2,2,2,1,1,0,41326,0,1,0,5,1,3,6,51,0
1,2,1.0,0.0,1,1,1,2,1,1,0,41326,0,7,2,6,5,2,51,21,0
2,3,3.0,0.0,2,2,2,2,1,6,0,41326,0,7,4,6,5,2,74,74,0
2,3,3.0,1.0,1,2,2,2,1,5,0,41326,0,4,2,6,7,3,110,110,0
1,8,1.0,2.0,2,1,1,1,1,1,150,41401,0,11,4,6,5,4,51,25,1
2,2,3.0,2.0,1,2,2,2,1,5,0,41326,0,5,2,6,4,3,110,110,0
1,3,2.0,3.0,1,2,2,2,1,1,0,41325,5,6,2,6,5,4,84,51,6
1,2,1.0,1.0,1,2,2,3,1,3,0,41326,0,1,3,5,4,1,51,51,0
2,3,2.0,2.0,2,1,1,2,1,1,0,41326,1,2,2,6,8,3,32,74,0
2,2,2.0,2.0,2,2,1,2,1,1,150,41326,0,6,1,6,4,3,9,74,0
2,3,2.0,3.0,2,3,3,3,1,1,0,41325,0,2,4,6,5,7,9,45,6
1,3,1.0,2.0,1,2,2,2,1,1,0,41326,0,3,2,6,5,1,51,51,0
2,16,3.0,2.0,1,2,2,2,1,3,0,41326,0,5,1,6,7,3,45,110,0
2,7,3.0,2.0,2,1,1,1,1,2,0,41326,0,2,4,6,8,3,55,55,0
2,4,2.0,2.0,1,2,1,2,1,1,0,41326,0,1,3,6,5,2,110,93,0
1,96,1.0,2.0,2,1,1,2,1,2,0,41326,0,4,1,5,4,1,108,108,0
2,2,2.0,2.0,2,2,2,2,1,1,50,41326,0,4,1,6,8,3,9,74,0
2,1,2.0,1.0,2,2,2,2,1,1,30,41326,0,4,3,5,1,3,74,74,0
2,2,3.0,2.0,2,2,2,2,1,2,0,41326,0,4,2,8,1,3,74,110,0
1,36,3.0,2.0,1,1,1,1,1,2,0,41326,0,5,3,6,5,3,56,83,0
1,2,1.0,2.0,2,1,1,2,1,1,0,41326,0,5,1,5,4,3,83,51,0
2,3,3.0,1.0,1,2,2,2,1,3,0,41326,0,5,2,6,8,7,110,110,0
2,36,2.0,2.0,1,1,1,1,1,1,0,41326,0,4,4,6,5,3,110,93,0
1,2,3.0,1.0,1,2,1,2,1,2,0,41401,0,1,2,6,5,1,51,51,1
1,48,1.0,0.0,1,1,1,2,1,1,0,41326,0,3,4,6,5,2,113,46,0
2,3,1.0,2.0,2,2,2,2,1,1,0,41332,0,3,1,6,5,7,110,74,7
2,29,2.0,0.0,3,3,3,3,1,1,0,41326,0,2,2,6,5,2,9,45,0
2,2,3.0,2.0,2,2,2,2,1,15,0,41332,0,8,4,6,5,7,74,110,7
2,3,1.0,1.0,1,1,1,2,1,1,0,41327,1,4,2,6,7,3,66,66,2
1,60,1.0,2.0,2,1,1,1,1,1,0,41326,0,4,4,5,1,3,66,66,0
2,6,2.0,1.0,1,2,1,2,1,2,0,41326,0,1,2,5,7,2,62,32,0
2,6,2.0,0.0,1,1,1,1,1,2,0,41401,0,4,3,5,4,2,94,69,1
1,3,3.0,2.0,1,2,2,2,1,6,0,41336,0,1,3,6,5,3,51,51,3
2,3,2.0,0.0,2,2,1,2,1,1,0,41326,0,5,2,6,5,2,55,74,0
1,4,2.0,2.0,2,1,1,1,1,1,0,41326,0,10,3,6,5,3,51,99,0
2,3,3.0,1.0,1,2,1,2,1,3,0,41326,0,4,1,8,7,3,110,110,0
1,3,1.0,2.0,1,3,3,3,1,1,0,41327,0,2,2,6,1,3,84,59,2
1,1,3.0,3.0,1,2,1,2,1,20,50,41332,0,5,4,6,5,3,51,51,7
2,1,2.0,2.0,1,2,1,2,1,1,0,41326,0,3,1,6,8,3,110,32,0
2,2,2.0,2.0,1,2,1,2,1,1,0,41326,0,3,2,5,8,3,66,66,0
2,24,2.0,2.0,1,3,3,3,2,5,0,41326,0,1,0,6,5,2,66,66,0
1,1,3.0,1.0,1,2,2,2,1,8,0,41401,0,5,2,5,7,3,51,27,1
2,2,1.0,2.0,2,3,1,2,1,2,0,41327,0,1,2,6,5,3,74,45,2
2,24,3.0,2.0,2,3,3,3,1,5,0,41336,0,0,4,6,5,3,31,31,3
1,9,2.0,2.0,1,1,1,1,1,1,0,41326,0,7,2,6,5,3,87,51,0
2,3,2.0,2.0,1,1,1,2,1,1,0,41326,0,6,1,6,5,1,110,93,0
1,92,1.0,2.0,3,1,1,3,1,2,200,41326,0,3,2,5,7,3,46,90,0
2,12,3.0,2.0,2,2,2,3,1,3,0,41326,0,8,3,6,5,3,74,110,0
1,2,2.0,2.0,1,2,1,2,1,1,0,41401,0,7,2,6,5,3,81,51,1
2,2,1.0,2.0,1,2,1,2,2,2,0,41401,0,18,3,6,8,3,66,66,1
2,3,3.0,1.0,2,2,1,2,1,5,0,41401,0,5,1,6,5,3,110,9,1
2,3,2.0,1.0,1,2,2,2,1,1,0,41401,0,1,2,5,8,3,110,74,1
1,1,3.0,2.0,2,2,2,2,1,7,0,41326,0,5,2,5,1,3,68,51,0
2,38,2.0,2.0,3,1,1,1,1,3,200,41401,0,2,2,6,4,3,9,32,1
2,1,3.0,1.0,1,2,2,2,1,4,0,41401,0,5,1,6,4,3,110,74,1
2,1,1.0,2.0,2,2,1,2,1,1,0,41326,0,8,2,6,5,3,74,55,0
2,1,2.0,2.0,1,2,1,2,1,1,0,41326,0,5,1,1,7,3,66,66,0
2,3,2.0,1.0,2,2,1,2,1,1,0,41401,0,3,2,6,5,3,32,74,1
1,22,1.0,1.0,2,1,1,2,1,1,0,41326,0,5,2,6,4,3,37,46,0
2,3,3.0,0.0,1,2,1,2,1,3,0,41326,0,2,3,6,5,2,110,110,0
1,1,1.0,2.0,2,2,1,2,1,1,0,41326,0,4,1,6,5,3,51,51,0
1,1,3.0,2.0,1,3,3,3,1,7,0,41326,0,5,4,6,5,3,51,51,0
1,36,2.0,0.0,3,1,1,3,1,1,0,41335,0,4,4,6,7,2,46,46,9
2,4,2.0,1.0,1,3,3,3,1,2,0,41326,0,5,3,6,8,3,110,74,0
1,2,1.0,0.0,1,1,1,2,1,2,0,41326,0,8,2,6,5,2,72,65,0
1,14,2.0,1.0,2,1,1,2,1,1,150,41326,0,3,4,6,4,3,7,106,0
1,1,3.0,1.0,2,2,3,3,1,3,0,41401,0,2,1,6,5,3,87,102,1
1,3,1.0,3.0,1,2,1,2,1,1,0,41326,0,18,2,6,5,4,51,84,0
1,4,1.0,2.0,1,2,2,2,1,1,0,41326,0,6,1,4,8,1,51,114,0
2,5,2.0,2.0,1,2,1,2,1,1,0,41401,0,15,3,6,4,1,110,93,1
2,4,2.0,2.0,1,1,1,2,1,1,120,41326,0,7,2,1,7,3,110,74,0
2,1,3.0,1.0,1,2,1,2,1,7,0,41401,0,13,2,8,1,3,119,119,1
1,2,1.0,0.0,2,2,1,2,2,1,0,41326,0,1,4,6,5,2,51,51,0
1,1,2.0,2.0,1,2,2,2,1,7,100,41326,0,5,2,6,5,3,88,51,0
1,2,3.0,2.0,2,3,3,3,1,3,0,41327,0,1,1,6,5,8,83,51,2
1,1,3.0,2.0,1,2,2,3,1,4,0,41326,0,1,2,6,4,3,51,51,0
1,2,2.0,2.0,2,2,1,2,1,1,0,41401,0,2,2,6,5,3,51,51,1
2,7,3.0,2.0,1,2,2,2,1,5,0,41326,0,4,4,6,5,3,66,66,0
1,4,3.0,2.0,1,3,3,3,1,4,0,41326,0,4,4,6,5,3,51,51,0
2,24,2.0,2.0,3,3,2,3,1,1,0,41326,0,1,2,6,5,4,93,9,0
2,1,2.0,1.0,1,2,2,2,1,1,50,41326,0,5,2,6,5,3,110,110,0
2,1,2.0,1.0,1,2,2,2,1,4,0,41336,0,1,4,6,5,2,74,110,3
1,12,1.0,0.0,2,3,3,3,3,1,0,41336,0,3,4,6,5,2,51,51,3
2,2,1.0,0.0,2,2,1,2,1,1,0,41401,0,12,4,6,8,2,32,74,1
1,3,1.0,3.0,1,3,1,3,1,1,50,41401,0,2,4,6,5,3,66,66,1
2,3,3.0,1.0,1,2,2,2,1,3,0,41326,0,12,2,4,7,3,110,74,0
1,3,2.0,2.0,1,2,2,2,1,1,0,41326,0,1,2,6,5,1,51,51,0
2,6,3.0,2.0,2,2,2,2,1,3,0,41401,0,5,2,6,7,3,45,74,1
2,5,2.0,1.0,1,1,1,2,1,1,100,41326,0,2,2,6,4,3,74,9,0
2,2,3.0,1.0,1,2,1,2,1,4,0,41326,0,4,0,6,5,4,26,74,0
2,2,3.0,0.0,2,2,2,2,1,2,0,41327,0,3,1,6,8,2,110,110,2
1,1,2.0,2.0,1,2,2,2,1,1,0,41326,0,8,2,6,5,3,51,51,0
2,3,2.0,2.0,2,2,1,2,1,1,50,41326,0,5,1,6,4,3,50,74,0
2,1,3.0,2.0,1,2,2,2,1,2,0,41401,0,5,2,8,7,3,110,110,1
1,1,2.0,2.0,2,1,1,2,1,1,0,41326,0,2,1,4,1,2,51,51,0
2,9,3.0,2.0,1,1,1,1,1,2,0,41326,0,17,2,8,1,7,55,78,0
1,2,3.0,2.0,2,3,3,3,1,3,0,41324,0,3,4,6,5,3,51,51,8
1,0,2.0,2.0,1,2,2,2,1,1,0,41336,0,1,0,6,1,3,51,51,3
1,60,1.0,3.0,1,1,1,1,1,1,0,41326,0,5,4,1,7,3,27,51,0
2,6,1.0,2.0,2,3,1,2,1,1,30,41326,0,2,1,8,1,3,45,110,0
1,1,2.0,2.0,2,2,2,2,1,3,0,41326,0,4,2,6,5,3,7,106,0
1,4,2.0,3.0,2,1,1,1,1,1,0,41326,0,7,1,6,5,4,51,106,0
2,2,2.0,2.0,3,2,2,2,1,3,0,41326,0,12,2,6,5,3,45,9,0
2,2,3.0,2.0,1,2,2,2,1,2,0,41326,0,1,2,6,5,3,110,110,0
1,3,3.0,0.0,1,3,3,3,1,3,0,41336,0,3,2,6,5,2,66,8,3
2,1,3.0,0.0,2,2,2,2,1,4,0,41326,0,5,4,6,8,2,74,74,0
2,3,3.0,1.0,1,2,2,2,1,5,0,41326,0,2,2,6,5,3,110,110,0
2,1,3.0,2.0,1,3,3,3,1,3,30,41336,0,3,2,6,7,3,66,66,3
2,1,3.0,1.0,2,2,2,2,1,3,0,41326,0,5,1,6,1,3,45,74,0
2,1,2.0,2.0,1,2,1,2,1,1,0,41326,0,4,1,6,7,2,55,110,0
1,2,1.0,2.0,1,2,2,2,1,2,0,41330,0,2,2,6,5,8,51,6,4
1,1,1.0,1.0,2,2,2,3,1,1,0,41326,0,3,2,5,7,3,51,51,0
1,2,3.0,2.0,2,2,2,2,1,8,0,41326,0,15,1,6,5,4,43,51,0
2,36,1.0,3.0,2,1,1,1,1,4,0,41401,0,4,4,6,5,3,47,45,1
1,60,2.0,2.0,2,1,1,1,1,1,0,41326,0,0,2,4,1,3,91,51,0
1,2,2.0,2.0,1,2,2,2,1,2,0,41326,0,5,1,6,5,3,51,51,0
2,12,1.0,2.0,1,1,1,1,1,1,0,41401,0,6,2,6,5,2,66,62,1
2,1,2.0,2.0,2,2,2,2,1,1,50,41326,0,5,1,6,4,3,45,74,0
1,9,1.0,2.0,1,1,1,2,1,1,0,41401,0,2,4,5,1,3,88,51,1
1,12,2.0,1.0,2,1,1,1,1,1,0,41326,0,5,4,6,5,4,106,51,0
2,2,1.0,2.0,2,1,1,3,1,1,0,41401,0,14,4,5,7,3,66,66,1
2,2,2.0,1.0,1,2,2,2,1,1,0,41401,0,7,2,6,4,2,110,110,1
2,3,3.0,1.0,2,2,2,3,1,2,150,41330,0,1,3,6,5,3,74,78,4
2,2,2.0,2.0,3,2,2,2,1,1,100,41326,0,1,1,5,1,3,70,55,0
1,8,1.0,2.0,2,1,1,3,1,1,0,41326,0,5,4,5,4,8,51,51,0
2,3,1.0,0.0,1,1,1,2,1,1,0,41401,0,1,1,6,7,2,110,9,1
2,2,2.0,1.0,1,2,2,2,1,1,0,41401,0,3,1,6,8,3,110,110,1
2,3,2.0,2.0,3,2,2,2,1,1,100,41326,0,1,2,6,5,8,70,93,0
1,108,2.0,2.0,2,1,2,3,1,1,0,41326,0,1,4,4,1,3,114,68,0
1,25,2.0,2.0,3,1,1,1,1,1,0,41326,0,1,2,4,1,3,83,46,0
1,12,1.0,2.0,1,1,1,1,1,1,0,41336,0,2,4,6,5,3,104,68,3
2,2,2.0,1.0,1,2,1,2,1,1,100,41326,0,10,2,6,5,3,110,69,0
2,3,3.0,2.0,3,2,1,2,1,4,100,41326,0,4,2,6,1,3,45,74,0
1,2,2.0,2.0,2,3,3,3,1,3,0,41336,0,10,2,5,4,7,66,66,3
1,24,2.0,2.0,2,2,2,1,1,1,0,41326,0,3,4,6,5,3,68,51,0
2,2,1.0,2.0,2,2,1,2,1,1,50,41326,0,6,3,6,5,7,45,74,0
1,17,3.0,3.0,2,1,1,2,1,2,0,41401,0,2,1,6,1,3,115,25,1
2,1,2.0,2.0,1,2,1,2,1,1,0,41326,0,6,3,6,7,3,74,55,0
2,8,3.0,2.0,1,1,1,2,1,6,0,41401,0,6,3,6,5,3,110,62,1
1,1,1.0,2.0,2,2,2,2,1,1,0,41327,0,1,2,5,4,1,51,51,2
1,2,2.0,0.0,1,2,1,2,1,1,100,41326,1,8,4,6,5,2,51,51,0
1,2,2.0,2.0,1,2,1,2,1,2,0,41326,0,10,4,6,5,3,51,83,0
2,11,3.0,2.0,2,1,1,1,1,6,0,41326,0,5,4,6,4,3,110,110,0
2,9,2.0,0.0,2,2,2,2,1,1,200,41326,0,1,4,6,1,2,78,78,0
1,2,2.0,1.0,1,1,1,1,1,2,0,41401,0,5,3,6,1,3,51,51,1
2,1,2.0,1.0,1,2,2,2,1,2,0,41401,0,2,1,5,1,3,110,110,1
2,2,2.0,0.0,2,1,1,2,1,1,50,41326,0,2,1,5,8,2,32,74,0
1,24,2.0,3.0,2,1,1,1,1,1,0,41326,0,2,4,6,5,1,83,106,0
1,3,2.0,0.0,1,2,1,2,1,1,0,41326,0,4,3,1,7,2,52,51,0
1,2,1.0,2.0,2,2,2,2,1,1,0,41326,0,5,2,6,5,8,51,51,0
1,5,2.0,2.0,1,3,3,2,1,1,0,41326,0,5,1,6,5,3,87,81,0
2,60,2.0,2.0,1,1,1,2,1,2,0,41401,0,2,1,6,5,8,62,62,1
2,3,2.0,2.0,1,2,1,2,1,1,0,41401,0,12,3,6,7,3,110,110,1
2,2,3.0,0.0,2,2,2,2,1,3,0,41326,0,6,2,6,4,2,110,110,0
2,2,3.0,2.0,1,2,2,2,1,4,0,41326,0,4,1,6,5,1,55,55,0
2,2,3.0,1.0,1,2,1,2,1,2,0,41401,0,5,3,6,5,3,110,110,1
1,2,1.0,2.0,1,1,1,3,1,1,0,41401,0,2,0,6,5,3,6,51,1
1,1,2.0,1.0,1,2,2,2,1,1,0,41326,0,3,4,6,5,4,51,51,0
2,2,3.0,2.0,1,2,2,2,1,3,0,41326,0,3,4,6,8,3,110,110,0
2,2,3.0,2.0,1,2,2,2,1,5,0,41326,0,8,0,6,5,3,119,62,0
2,1,1.0,2.0,2,3,3,2,1,3,0,41326,0,4,0,6,5,3,74,110,0
1,11,2.0,2.0,2,1,3,1,1,2,0,41335,0,1,4,6,5,3,81,51,9
2,3,1.0,2.0,1,2,1,2,1,3,0,41326,0,5,1,6,5,3,66,66,0
2,1,2.0,2.0,2,2,2,2,1,1,0,41326,0,2,1,6,5,7,55,110,0
2,1,2.0,2.0,3,1,1,2,1,1,150,41401,2,5,3,6,4,3,66,66,1
2,3,2.0,0.0,1,1,1,2,1,1,0,41327,1,7,2,6,8,2,110,32,2
2,3,2.0,1.0,2,2,2,2,1,1,0,41401,0,1,1,6,7,3,74,55,1
2,5,2.0,2.0,2,1,1,1,1,1,0,41326,0,2,2,6,7,3,66,66,0
1,20,2.0,2.0,2,1,1,1,1,1,0,41326,0,4,4,6,8,1,120,68,0
2,3,3.0,1.0,2,2,2,2,1,4,0,41326,0,5,3,6,8,7,45,78,0
2,1,2.0,2.0,3,1,1,2,1,1,150,41401,2,6,3,4,7,3,9,32,1
2,2,3.0,2.0,1,2,1,2,1,4,0,41401,0,8,4,6,7,3,110,110,1
1,4,2.0,3.0,2,1,1,2,1,1,0,41326,0,10,3,6,5,2,51,106,0
2,7,2.0,2.0,1,1,1,1,1,1,50,41326,0,3,1,6,8,3,66,66,0
2,2,1.0,0.0,2,2,2,2,1,1,0,41326,0,10,2,6,5,2,93,110,0
1,1,3.0,1.0,1,2,1,2,1,3,0,41326,0,5,4,6,5,4,51,51,0
2,2,2.0,1.0,2,2,2,2,1,3,0,41326,0,5,0,6,5,2,78,74,0
2,1,1.0,2.0,1,2,1,2,1,1,0,41326,0,3,2,6,7,3,110,26,0
2,24,3.0,2.0,2,3,3,3,1,3,0,41401,0,1,4,6,8,3,119,110,1
1,1,2.0,2.0,2,2,2,2,1,1,1,41401,0,3,1,6,5,1,51,51,1
2,2,3.0,1.0,2,1,1,2,1,2,200,41326,0,11,3,6,7,3,74,110,0
1,11,2.0,2.0,1,2,2,2,1,1,0,41326,0,2,2,6,5,3,104,51,0
2,5,3.0,2.0,3,2,2,2,1,2,100,41401,0,3,2,6,5,7,9,45,1
2,12,2.0,2.0,3,3,3,3,1,1,0,41401,0,1,2,6,5,3,66,66,1
2,2,3.0,1.0,1,2,2,2,1,3,0,41401,0,5,4,6,1,7,110,110,1
1,3,2.0,2.0,2,2,1,2,1,1,0,41326,0,0,4,6,5,3,51,51,0
1,1,1.0,2.0,2,2,1,2,1,1,0,41326,0,3,2,6,5,3,51,51,0
2,2,2.0,0.0,2,1,1,2,1,1,50,41326,0,11,1,5,1,2,74,121,0
2,3,1.0,2.0,1,2,2,2,1,1,0,41326,0,3,1,4,8,1,62,119,0
1,2,2.0,2.0,1,2,1,2,1,1,0,41326,0,1,3,6,5,3,83,51,0
2,0,3.0,2.0,1,2,2,2,1,5,0,41326,0,11,3,5,4,3,110,110,0
1,15,1.0,2.0,1,1,1,1,2,1,0,41401,0,3,4,6,5,3,51,51,1
2,1,2.0,2.0,2,2,1,2,1,1,100,41326,0,5,1,1,7,3,45,80,0
1,1,3.0,2.0,2,2,2,2,1,4,50,41326,0,11,2,5,1,3,84,51,0
1,4,1.0,3.0,1,1,1,1,1,1,0,41330,0,10,3,6,5,3,51,51,4
1,2,2.0,0.0,1,2,1,3,1,1,0,41401,0,1,3,6,5,2,14,53,1
2,4,2.0,2.0,3,3,3,2,1,1,0,41401,0,1,1,1,7,3,64,5,1
2,8,2.0,2.0,1,2,1,2,1,10,0,41401,0,4,0,8,1,2,74,110,1
2,1,2.0,2.0,2,2,2,2,1,2,0,41326,0,8,4,6,8,3,110,74,0
2,1,2.0,1.0,1,2,2,2,2,1,0,41326,0,4,3,6,5,3,119,28,0
1,2,2.0,3.0,1,2,2,1,1,1,0,41401,0,3,1,5,4,8,51,51,1
2,16,3.0,2.0,2,1,1,2,1,3,0,41326,0,4,2,4,8,1,66,66,0
1,4,2.0,2.0,1,3,3,3,1,1,0,41326,0,3,3,6,4,1,106,51,0
2,24,1.0,2.0,1,3,3,1,2,1,0,41401,0,2,4,6,5,4,55,110,1
2,2,2.0,2.0,1,2,2,2,1,1,0,41326,0,5,1,6,7,3,110,74,0
2,3,2.0,2.0,2,2,2,2,1,1,0,41326,1,3,2,6,5,8,110,93,0
1,36,1.0,2.0,2,1,1,1,1,1,200,41326,0,2,3,6,1,7,83,90,0
1,1,3.0,2.0,2,2,2,3,1,7,0,41326,0,8,1,6,5,3,51,51,0
2,5,2.0,2.0,2,1,1,1,1,2,30,41326,0,10,3,5,1,7,45,45,0
1,2,3.0,2.0,1,2,2,2,1,6,0,41327,0,2,4,6,5,8,27,51,2
2,1,2.0,1.0,1,2,2,2,1,1,0,41401,0,2,4,6,5,4,66,66,1
2,19,2.0,3.0,2,1,3,1,1,1,0,41326,0,0,0,6,8,3,66,66,0
2,1,3.0,2.0,2,2,2,2,1,4,0,41324,0,10,2,6,8,3,74,110,8
2,0,3.0,2.0,1,2,2,2,1,4,0,41326,0,0,3,6,4,3,110,49,0
2,1,2.0,2.0,2,2,2,2,1,1,0,41401,0,1,3,8,1,3,74,74,1
